Workbook

Sheet Summary of OEE
A1: MEP FAN LTD.
A2: MEP FAN LTD.
A3: Summary of OEE (2026)
A4: Month | B4: Detail | C4: Machine Capacity (Pcs) | D4: Production Qty. | F4: Availability (%) | G4: Performance (%) | H4: Quality (%) | I4: OEE (%) | J4: Remark's
D5: Total Production (pcs) | E5: Rejection (Pcs)
A6: January | B6: Total | C6: {=OEE!B13:D13} -> 1124393 | D6: 611910 | E6: 2815.9
B7: Total Acheivement (%) | C7: =OEE!B15 -> 0.54421363 | F7: {=OEE!E13:H13} -> 0.73746297 | G7: 0.7539491 | H7: 0.99461377 | I7: 0.60394047

Sheet OEE
A1: MEP FAN LTD.
A2: ="OEE Report ("&TEXT('Fan Lathe'!AM3,"mmmm yyyy")&")" -> OEE Report (January 2026)
A3: Section | B3: Machine Capacity (Pcs) | C3: Production Qty. | E3: Availability (%) | F3: Performance (%) | G3: Quality (%) | H3: OEE (%) | I3: Remark's
C4: Total Production (pcs) | D4: Rejection (Pcs)
A5: Fan Auto Die Casting | B5: {='Fan Auto Die Casting'!E68:G68} -> 185600 | C5: 85590 | D5: 700 | E5: {='Fan Auto Die Casting'!AI68:AL68} -> 0.46036877 | F5: 0.46115302 | G5: 0.99188782 | H5: 0.21057823
A6: Fan Power Press & Stamping | B6: {='Fan Power Press & Stamping'!E162:G162} -> 342100 | C6: 169367 | D6: 218 | E6: {='Fan Power Press & Stamping'!AL162:AO162} -> 0.56820815 | F6: 0.49508039 | G6: 0.99871451 | H6: 0.28094709
A7: Fan Auto Powder Coating | B7: {='Auto Powder Coating'!E130:G130} -> 306960 | C7: 162925 | D7: 521 | E7: {='Auto Powder Coating'!AI130:AL130} -> 0.51271478 | F7: 0.53076948 | G7: 0.9968124 | H7: 0.2712659
A8: Fan Lathe | B8: {='Fan Lathe'!E99:G99} -> 214850 | C8: 119580 | D8: 391 | E8: {='Fan Lathe'!AI99:AL99} -> 0.56683616 | F8: 0.55657435 | G8: 0.99674088 | H8: 0.31445826
A9: Fan Assemble | B9: {='Fan Assemble'!E37:G37} -> 35200 | C9: 35200 | D9: 985.9 | E9: {='Fan Assemble'!AI37:AL37} -> 0.95084746 | F9: 1 | G9: 0.97275458 | H9: 0.92494122
A10: Fan Armature | B10: {='Fan Armature'!E37:G37} -> 36297 | C10: 35862 | D10: 0 | E10: {='Fan Armature'!AI37:AL37} -> 0.95084746 | F10: 0.98801554 | G10: 1 | H10: 0.93945206
A11: Rechargeable Fan | B11: {='Fan Rechargeable'!E37:G37} -> 1500 | C11: 1500 | D11: 0 | E11: {='Fan Rechargeable'!AI37:AL37} -> 0.95238095 | F11: 1 | G11: 1 | H11: 0.95238095
A12: Exhaust Fan | B12: {='Exhaust Fan'!E37:G37} -> 1886 | C12: 1886 | D12: 0 | E12: {='Exhaust Fan'!AI37:AL37} -> 0.9375 | F12: 1 | G12: 1 | H12: 0.9375
A13: Total | B13: =SUM(B5:B12) -> 1124393 | C13: =SUM(C5:C12) -> 611910 | D13: =SUM(D5:D12) -> 2815.9 | E13: =IFERROR(AVERAGE(E5:E12),"0%") -> 0.73746297 | F13: =IFERROR(AVERAGE(F5:F12),"0%") -> 0.7539491 | G13: =IFERROR(AVERAGE(G5:G12),"0%") -> 0.99461377 | H13: =IFERROR(AVERAGE(H5:H12),"0%") -> 0.60394047
A15: Total Acheivement (%) | B15: =IFERROR((C13/B13),"") -> 0.54421363

Sheet Production Status
A1: MEP FAN LTD.
A2: ="MEP Fan Limited- Down Time & Running Time Status ("&TEXT('Fan Lathe'!AM3,"mmmm yyyy")&")" -> MEP Fan Limited- Down Time & Running Time Status (January 2026)
A3: Machine No. | B3: Planned Production Time (mins) | C3: Production Run Time (Mins) | D3: Machine Down Time (Mins) | E3: Production Running Time (%) | F3: Production Down Time (%) | G3: Remark's
A4: {='Down Time'!A5:A12} -> Fan Auto Die Casting | B4: ='Fan Auto Die Casting'!H68 -> 83520 | C4: {='Down Time'!AD5:AD12} -> -6620 | D4: {='Down Time'!AB5:AB12} -> 45070 | E4: =IF(B4=0, 0, C4/B4) -> -0.079262452 | F4: =IF(B4=0, 0, D4/B4) -> 0.53963123
A5: Fan Power Press & Stamping | B5: ='Fan Power Press & Stamping'!H162 -> 96660 | C5: 13846 | D5: 41077 | E5: =IF(B5=0, 0, C5/B5) -> 0.14324436 | F5: =IF(B5=0, 0, D5/B5) -> 0.42496379
A6: Fan Auto Powder Coating | B6: ='Auto Powder Coating'!H130 -> 34920 | C6: 888 | D6: 17016 | E6: =IF(B6=0, 0, C6/B6) -> 0.025429553 | F6: =IF(B6=0, 0, D6/B6) -> 0.48728522
A7: Fan Lathe | B7: ='Fan Lathe'!H99 -> 53100 | C7: 7098 | D7: 23001 | E7: =IF(B7=0, 0, C7/B7) -> 0.13367232 | F7: =IF(B7=0, 0, D7/B7) -> 0.43316384
A8: Fan Assemble | B8: ='Fan Assemble'!H37 -> 17700 | C8: 15960 | D8: 870 | E8: =IF(B8=0, 0, C8/B8) -> 0.90169492 | F8: =IF(B8=0, 0, D8/B8) -> 0.049152542
A9: Fan Armature | B9: ='Fan Armature'!H37 -> 17700 | C9: 15960 | D9: 870 | E9: =IF(B9=0, 0, C9/B9) -> 0.90169492 | F9: =IF(B9=0, 0, D9/B9) -> 0.049152542
A10: Rechargeable Fan | B10: ='Fan Rechargeable'!H37 -> 15120 | C10: 13680 | D10: 720 | E10: =IF(B10=0, 0, C10/B10) -> 0.9047619 | F10: =IF(B10=0, 0, D10/B10) -> 0.047619048
A11: Exhaust Fan | B11: ='Exhaust Fan'!H37 -> 2400 | C11: 2100 | D11: 150 | E11: =IF(B11=0, 0, C11/B11) -> 0.875 | F11: =IF(B11=0, 0, D11/B11) -> 0.0625
A12: SubTotal | B12: =SUM(B4:B11) -> 321120 | C12: =SUM(C4:C11) -> 62912 | D12: =SUM(D4:D11) -> 128774 | E12: =IF(B12=0, 0, C12/B12) -> 0.1959143 | F12: =IF(B12=0, 0, D12/B12) -> 0.4010152

Sheet Down Time
A1: MEP FAN LTD.
A2: ="Total Downtime Report ("&TEXT('Fan Lathe'!AM3,"mmmm yyyy")&")" -> Total Downtime Report (January 2026)
B3: 10 | C3: 11 | D3: 12 | E3: 13 | F3: 14 | G3: 15 | H3: 16 | I3: 17 | J3: 18 | K3: 19 | L3: 20 | M3: 21 | N3: 22 | O3: 23 | P3: 33 | Q3: 34 | R3: 35 | S3: 24 | T3: 25 | U3: 26 | V3: 27 | W3: 28 | X3: 29 | Y3: 30 | Z3: 31 | AA3: 32
A4: Machine No. | B4: Heater/Coil Problem | C4: Power Shutdown | D4: Machine Breakdown | E4: Die/ Mold Problem | F4: Model/ Die Change | G4: Air Presser Problem | H4: Water line Problem | I4: Lift Problem | J4: D Coil Insert | K4: RM Shortage | L4: Crean Problem | M4: Worker Absent | N4: Printer M/C Problem | O4: UPS shutdown | P4: Box Moving | Q4: Up Casting Meeting | R4: Sheet Cutting& Pipe Carry | S4: Load Problem | T4: Namaz | U4: Conveyor Belt Problem | V4: Fitting Problem | W4: Gas Presser Problem | X4: Mold polish & Clean | Y4: Alu. Ash Extraction | Z4: Robot Problems | AA4: Alu. Recipe Problem | AB4: Total Down Time (Mins) | AC4: Production Running Time ( Mins) | AD4: Total Run Time (Mins) | AE4: Total Down Time (%)
A5: Fan Auto Die Casting | B5: {=_xlfn.XLOOKUP(B3:AA3,'Fan Auto Die Casting'!K4:AG4,'Fan Auto Die Casting'!K68:AG68,0)} -> 810 | C5: 70 | D5: 42420 | E5: 370 | F5: 0 | G5: 60 | H5: 280 | I5: 0 | J5: 0 | K5: 0 | L5: 0 | M5: 0 | N5: 0 | O5: 0 | P5: 0 | Q5: 0 | R5: 0 | S5: 0 | T5: 90 | U5: 0 | V5: 0 | W5: 0 | X5: 640 | Y5: 90 | Z5: 0 | AA5: 240 | AB5: =SUM(B5:AA5) -> 45070 | AC5: {=TOP!B5:B12} -> 38450 | AD5: =AC5-AB5 -> -6620 | AE5: =IFERROR(AB5/AC5,0) -> 1.1721717
A6: Fan Power Press & Stamping | B6: {=_xlfn.XLOOKUP(B3:AA3,'Fan Power Press & Stamping'!K4:AJ4,'Fan Power Press & Stamping'!K162:AJ162,0)} -> 0 | C6: 0 | D6: 21211 | E6: 5775 | F6: 210 | G6: 25 | H6: 0 | I6: 0 | J6: 1355 | K6: 5284 | L6: 0 | M6: 0 | N6: 0 | O6: 140 | P6: 1005 | Q6: 40 | R6: 3075 | S6: 53 | T6: 2321 | U6: 0 | V6: 0 | W6: 0 | X6: 583 | Y6: 0 | Z6: 0 | AA6: 0 | AB6: =SUM(B6:AA6) -> 41077 | AC6: 54923 | AD6: =AC6-AB6 -> 13846 | AE6: =IFERROR(AB6/AC6,0) -> 0.74790161
A7: Fan Auto Powder Coating | B7: {=_xlfn.XLOOKUP(B3:AA3,'Auto Powder Coating'!K4:AG4,'Auto Powder Coating'!K130:AG130,0)} -> 100 | C7: 0 | D7: 16886 | E7: 0 | F7: 0 | G7: 0 | H7: 0 | I7: 0 | J7: 0 | K7: 0 | L7: 0 | M7: 0 | N7: 0 | O7: 0 | P7: 0 | Q7: 0 | R7: 0 | S7: 0 | T7: 30 | U7: 0 | V7: 0 | W7: 0 | X7: 0 | Y7: 0 | Z7: 0 | AA7: 0 | AB7: =SUM(B7:AA7) -> 17016 | AC7: 17904 | AD7: =AC7-AB7 -> 888 | AE7: =IFERROR(AB7/AC7,0) -> 0.95040214
A8: Fan Lathe | B8: {=_xlfn.XLOOKUP(B3:AA3,'Fan Lathe'!K4:AG4,'Fan Lathe'!K99:AG99,0)} -> 0 | C8: 0 | D8: 20461 | E8: 0 | F8: 0 | G8: 0 | H8: 0 | I8: 0 | J8: 0 | K8: 0 | L8: 0 | M8: 0 | N8: 0 | O8: 0 | P8: 0 | Q8: 0 | R8: 0 | S8: 0 | T8: 2540 | U8: 0 | V8: 0 | W8: 0 | X8: 0 | Y8: 0 | Z8: 0 | AA8: 0 | AB8: =SUM(B8:AA8) -> 23001 | AC8: 30099 | AD8: =AC8-AB8 -> 7098 | AE8: =IFERROR(AB8/AC8,0) -> 0.76417821
A9: Fan Assemble | B9: {=_xlfn.XLOOKUP(B3:AA3,'Fan Assemble'!K4:AG4,'Fan Assemble'!K37:AG37,0)} -> 0 | C9: 0 | D9: 0 | E9: 0 | F9: 0 | G9: 0 | H9: 0 | I9: 0 | J9: 0 | K9: 0 | L9: 0 | M9: 0 | N9: 0 | O9: 0 | P9: 0 | Q9: 0 | R9: 0 | S9: 0 | T9: 870 | U9: 0 | V9: 0 | W9: 0 | X9: 0 | Y9: 0 | Z9: 0 | AA9: 0 | AB9: =SUM(B9:AA9) -> 870 | AC9: 16830 | AD9: =AC9-AB9 -> 15960 | AE9: =IFERROR(AB9/AC9,0) -> 0.051693405
A10: Fan Armature | B10: {=_xlfn.XLOOKUP(B3:AA3,'Fan Armature'!K4:AG4,'Fan Armature'!K37:AG37,0)} -> 0 | C10: 0 | D10: 0 | E10: 0 | F10: 0 | G10: 0 | H10: 0 | I10: 0 | J10: 0 | K10: 0 | L10: 0 | M10: 0 | N10: 0 | O10: 0 | P10: 0 | Q10: 0 | R10: 0 | S10: 0 | T10: 870 | U10: 0 | V10: 0 | W10: 0 | X10: 0 | Y10: 0 | Z10: 0 | AA10: 0 | AB10: =SUM(B10:AA10) -> 870 | AC10: 16830 | AD10: =AC10-AB10 -> 15960 | AE10: =IFERROR(AB10/AC10,0) -> 0.051693405
A11: Rechargeable Fan | B11: {=_xlfn.XLOOKUP(B3:AA3,'Fan Rechargeable'!K4:AG4,'Fan Rechargeable'!K37:AG37,0)} -> 0 | C11: 0 | D11: 0 | E11: 0 | F11: 0 | G11: 0 | H11: 0 | I11: 0 | J11: 0 | K11: 0 | L11: 0 | M11: 0 | N11: 0 | O11: 0 | P11: 0 | Q11: 0 | R11: 0 | S11: 0 | T11: 720 | U11: 0 | V11: 0 | W11: 0 | X11: 0 | Y11: 0 | Z11: 0 | AA11: 0 | AB11: =SUM(B11:AA11) -> 720 | AC11: 14400 | AD11: =AC11-AB11 -> 13680 | AE11: =IFERROR(AB11/AC11,0) -> 0.05
A12: Exhaust Fan | B12: {=_xlfn.XLOOKUP(B3:AA3,'Exhaust Fan'!K4:AG4,'Exhaust Fan'!K37:AG37,0)} -> 0 | C12: 0 | D12: 0 | E12: 0 | F12: 0 | G12: 0 | H12: 0 | I12: 0 | J12: 0 | K12: 0 | L12: 0 | M12: 0 | N12: 0 | O12: 0 | P12: 0 | Q12: 0 | R12: 0 | S12: 0 | T12: 150 | U12: 0 | V12: 0 | W12: 0 | X12: 0 | Y12: 0 | Z12: 0 | AA12: 0 | AB12: =SUM(B12:AA12) -> 150 | AC12: 2250 | AD12: =AC12-AB12 -> 2100 | AE12: =IFERROR(AB12/AC12,0) -> 0.066666667
A13: Total (Mins) | B13: =SUM(B5:B12) -> 910 | C13: =SUM(C5:C12) -> 70 | D13: =SUM(D5:D12) -> 100978 | E13: =SUM(E5:E12) -> 6145 | F13: =SUM(F5:F12) -> 210 | G13: =SUM(G5:G12) -> 85 | H13: =SUM(H5:H12) -> 280 | I13: =SUM(I5:I12) -> 0 | ... O13: =SUM(O5:O12) -> 140 | S13: =SUM(S5:S12) -> 53 | T13: =SUM(T5:T12) -> 7591 | U13: =SUM(U5:U12) -> 0 | V13: =SUM(V5:V12) -> 0 | W13: =SUM(W5:W12) -> 0 | X13: =SUM(X5:X12) -> 1223 | Y13: =SUM(Y5:Y12) -> 90 | Z13: =SUM(Z5:Z12) -> 0 | ... AC13: =SUM(AC5:AC12) -> 191686 | AD13: =SUM(AD7:AD12) -> 55686 | AE13: =IFERROR(AB13/AC13,0) -> 0.67179658

Sheet TOP
A1: MEP FAN LTD.
A2: ="Production Output ("&TEXT('Fan Lathe'!AM3,"mmmm yyyy")&")" -> Production Output (January 2026)
A3: Section Name | B3: Production Running (hr) | C3: Machine Capacity (Pcs) | D3: Prodcution Qty. | F3: Standrad Wise Production Output (%) | G3: Remarks
D4: Production (pcs) | E4: Rejection (Pcs)
A5: Fan Auto Die Casting | B5: ='Fan Auto Die Casting'!J68 -> 38450 | C5: {='Fan Auto Die Casting'!E68:G68} -> 185600 | D5: 85590 | E5: 700 | F5: =IFERROR(D5/C5,"") -> 0.46115302
A6: Fan Power Press & Stamping | B6: ='Fan Power Press & Stamping'!J162 -> 54923 | C6: {='Fan Power Press & Stamping'!E162:G162} -> 342100 | D6: 169367 | E6: 218 | F6: =IFERROR(D6/C6,"") -> 0.49508039
A7: Fan Auto Powder Coating | B7: ='Auto Powder Coating'!J130 -> 17904 | C7: {='Auto Powder Coating'!E130:G130} -> 306960 | D7: 162925 | E7: 521 | F7: =IFERROR(D7/C7,"") -> 0.53076948
A8: Fan Lathe | B8: ='Fan Lathe'!J99 -> 30099 | C8: {='Fan Lathe'!E99:G99} -> 214850 | D8: 119580 | E8: 391 | F8: =IFERROR(D8/C8,"") -> 0.55657435
A9: Fan Assemble | B9: ='Fan Assemble'!J37 -> 16830 | C9: {='Fan Assemble'!E37:G37} -> 35200 | D9: 35200 | E9: 985.9 | F9: =IFERROR(D9/C9,"") -> 1
A10: Fan Armature | B10: ='Fan Armature'!J37 -> 16830 | C10: {='Fan Armature'!E37:G37} -> 36297 | D10: 35862 | E10: 0 | F10: =IFERROR(D10/C10,"") -> 0.98801554
A11: Rechargeable Fan | B11: ='Fan Rechargeable'!J37 -> 14400 | C11: {='Fan Rechargeable'!E37:G37} -> 1500 | D11: 1500 | E11: 0 | F11: =IFERROR(D11/C11,"") -> 1
A12: Exhaust Fan | B12: ='Exhaust Fan'!J37 -> 2250 | C12: {='Exhaust Fan'!E37:G37} -> 1886 | D12: 1886 | E12: 0 | F12: =IFERROR(D12/C12,"") -> 1
A13: Total | B13: =SUM(B5:B12) -> 191686 | C13: =SUM(C5:C12) -> 1124393 | D13: =SUM(D5:D12) -> 611910 | E13: =SUM(E5:E12) -> 2815.9 | F13: =IFERROR(D13/C13,"") -> 0.54421363

Sheet Fan Assemble
A1: MEP FAN LTD.
A2: Production Performance Analysis Report
A3: ="Fan Assemble Section ("&TEXT('Fan Lathe'!AM3,"mmmm yyyy")&")" -> Fan Assemble Section (January 2026) | AM3: ='Fan Lathe'!AM3 -> 46023
K4: 10 | L4: 11 | M4: 12 | N4: 13 | O4: 14 | P4: 15 | Q4: 16 | R4: 17 | S4: 18 | T4: 19 | U4: 20 | V4: 21 | W4: 22 | X4: 23 | Y4: 24 | Z4: 25 | AA4: 26 | AB4: 27 | AC4: 28 | AD4: 29 | AE4: 30 | AF4: 31 | AG4: 32
A5: Date | B5: Day | C5: Shift | D5: Machine Name | E5: Production Capacity (Pcs) | F5: Actual Prd. (Pcs) | G5: Rejection (Pcs) | H5: Planned Prd. Time (Min) | I5: Expected DownTime (Min) | J5: Total Prd. Run Time (Min) | K5: Heater/Coil Problem | L5: Power Shutdown | M5: Machine Breakdown | N5: Die/ Mold Problem | O5: Model/ Die Change | P5: Air Presser Problem | Q5: Water line Problem | R5: Lift Problem | S5: D Coil Insert | T5: RM Shortage | U5: Crean Problem | V5: Worker Absent | W5: Printer M/C Problem | X5: UPS shutdown | Y5: Load Problem | Z5: Namaz | AA5: Conveyor Belt Problem | AB5: Fitting Problem | AC5: Gas Presser Problem | AD5: Mold polish & Clean | AE5: Alu. Ash Extraction | AF5: Robot Problems | AG5: Alu. Recipe Problem | AH5: Total Down Time (Mins) | AI5: Availability (%) | AJ5: Performance (%) | AK5: Quality (%) | AL5: OEE (%) | AM5: Remarks
A6: =AM3 -> 46023 | B6: =A6 -> 46023 | C6: Morning | D6: Conveyor Belt | E6: 1225 | F6: 1225 | G6: 85 | H6: 660 | I6: =IF(E6<>"",30,0) -> 30 | J6: =H6-AH6 -> 630 | Z6: =IF(E6<>"",30,0) -> 30 | AH6: =SUM(K6:AG6) -> 30 | AI6: =IFERROR(J6/H6,"0") -> 0.95454545 | AJ6: =IFERROR(F6/E6,"0") -> 1 | AK6: =IFERROR(F6/(F6+G6),"0") -> 0.9351145 | AL6: =IFERROR(AK6*AJ6*AI6,"0") -> 0.8926093
A7: =A6+1 -> 46024 | B7: =A7 -> 46024 | C7: Morning | D7: Conveyor Belt | E7: 1000 | F7: 1000 | G7: 50 | H7: 480 | I7: =IF(E7<>"",30,0) -> 30 | J7: =H7-AH7 -> 450 | Z7: =IF(E7<>"",30,0) -> 30 | AH7: =SUM(K7:AG7) -> 30 | AI7: =IFERROR(J7/H7,"0") -> 0.9375 | AJ7: =IFERROR(F7/E7,"0") -> 1 | AK7: =IFERROR(F7/(F7+G7),"0") -> 0.95238095 | AL7: =IFERROR(AK7*AJ7*AI7,"0") -> 0.89285714
A8: =A7+1 -> 46025 | B8: =A8 -> 46025 | C8: Morning | D8: Conveyor Belt | E8: 1346 | F8: =1231+115 -> 1346 | G8: 55 | H8: 660 | I8: =IF(E8<>"",30,0) -> 30 | J8: =H8-AH8 -> 630 | Z8: =IF(E8<>"",30,0) -> 30 | AH8: =SUM(K8:AG8) -> 30 | AI8: =IFERROR(J8/H8,"0") -> 0.95454545 | AJ8: =IFERROR(F8/E8,"0") -> 1 | AK8: =IFERROR(F8/(F8+G8),"0") -> 0.96074233 | AL8: =IFERROR(AK8*AJ8*AI8,"0") -> 0.91707222
A9: =A8+1 -> 46026 | B9: =A9 -> 46026 | C9: Morning | D9: Conveyor Belt | E9: 1346 | F9: =1231+115 -> 1346 | G9: 44 | H9: 660 | I9: =IF(E9<>"",30,0) -> 30 | J9: =H9-AH9 -> 630 | Z9: =IF(E9<>"",30,0) -> 30 | AH9: =SUM(K9:AG9) -> 30 | AI9: =IFERROR(J9/H9,"0") -> 0.95454545 | AJ9: =IFERROR(F9/E9,"0") -> 1 | AK9: =IFERROR(F9/(F9+G9),"0") -> 0.96834532 | AL9: =IFERROR(AK9*AJ9*AI9,"0") -> 0.92432963
A10: =A9+1 -> 46027 | B10: =A10 -> 46027 | C10: Morning | D10: Conveyor Belt | E10: 1346 | F10: =1231+115 -> 1346 | G10: 58 | H10: 660 | I10: =IF(E10<>"",30,0) -> 30 | J10: =H10-AH10 -> 630 | Z10: =IF(E10<>"",30,0) -> 30 | AH10: =SUM(K10:AG10) -> 30 | AI10: =IFERROR(J10/H10,"0") -> 0.95454545 | AJ10: =IFERROR(F10/E10,"0") -> 1 | AK10: =IFERROR(F10/(F10+G10),"0") -> 0.95868946 | AL10: =IFERROR(AK10*AJ10*AI10,"0") -> 0.91511267
A11: =A10+1 -> 46028 | B11: =A11 -> 46028 | C11: Morning | D11: Conveyor Belt | E11: 1346 | F11: =1231+115 -> 1346 | G11: 54.9 | H11: 660 | I11: =IF(E11<>"",30,0) -> 30 | J11: =H11-AH11 -> 630 | Z11: =IF(E11<>"",30,0) -> 30 | AH11: =SUM(K11:AG11) -> 30 | AI11: =IFERROR(J11/H11,"0") -> 0.95454545 | AJ11: =IFERROR(F11/E11,"0") -> 1 | AK11: =IFERROR(F11/(F11+G11),"0") -> 0.96081091 | AL11: =IFERROR(AK11*AJ11*AI11,"0") -> 0.91713768
A12: =A11+1 -> 46029 | B12: =A12 -> 46029 | C12: Morning | D12: Conveyor Belt | E12: 1346 | F12: =1231+115 -> 1346 | G12: 51.8 | H12: 660 | I12: =IF(E12<>"",30,0) -> 30 | J12: =H12-AH12 -> 630 | Z12: =IF(E12<>"",30,0) -> 30 | AH12: =SUM(K12:AG12) -> 30 | AI12: =IFERROR(J12/H12,"0") -> 0.95454545 | AJ12: =IFERROR(F12/E12,"0") -> 1 | AK12: =IFERROR(F12/(F12+G12),"0") -> 0.96294177 | AL12: =IFERROR(AK12*AJ12*AI12,"0") -> 0.91917169
A13: =A12+1 -> 46030 | B13: =A13 -> 46030 | C13: Morning | D13: Conveyor Belt | E13: 1346 | F13: =1231+115 -> 1346 | G13: 48.7 | H13: 660 | I13: =IF(E13<>"",30,0) -> 30 | J13: =H13-AH13 -> 630 | Z13: =IF(E13<>"",30,0) -> 30 | AH13: =SUM(K13:AG13) -> 30 | AI13: =IFERROR(J13/H13,"0") -> 0.95454545 | AJ13: =IFERROR(F13/E13,"0") -> 1 | AK13: =IFERROR(F13/(F13+G13),"0") -> 0.9650821 | AL13: =IFERROR(AK13*AJ13*AI13,"0") -> 0.92121473
A14: =A13+1 -> 46031 | B14: =A14 -> 46031 | C14: Morning | D14: Conveyor Belt | I14: =IF(E14<>"",30,0) -> 0 | J14: =H14-AH14 -> 0 | Z14: =IF(E14<>"",30,0) -> 0 | AH14: =SUM(K14:AG14) -> 0 | AI14: =IFERROR(J14/H14,"0") -> 0 | AJ14: =IFERROR(F14/E14,"0") -> 0 | AK14: =IFERROR(F14/(F14+G14),"0") -> 0 | AL14: =IFERROR(AK14*AJ14*AI14,"0") -> 0
A15: =A14+1 -> 46032 | B15: =A15 -> 46032 | C15: Morning | D15: Conveyor Belt | E15: 1346 | F15: =1231+115 -> 1346 | G15: 42.5 | H15: 660 | I15: =IF(E15<>"",30,0) -> 30 | J15: =H15-AH15 -> 630 | Z15: =IF(E15<>"",30,0) -> 30 | AH15: =SUM(K15:AG15) -> 30 | AI15: =IFERROR(J15/H15,"0") -> 0.95454545 | AJ15: =IFERROR(F15/E15,"0") -> 1 | AK15: =IFERROR(F15/(F15+G15),"0") -> 0.96939143 | AL15: =IFERROR(AK15*AJ15*AI15,"0") -> 0.92532818
A16: =A15+1 -> 46033 | B16: =A16 -> 46033 | C16: Morning | D16: Conveyor Belt | E16: 1346 | F16: =1231+115 -> 1346 | G16: 39.4 | H16: 660 | I16: =IF(E16<>"",30,0) -> 30 | J16: =H16-AH16 -> 630 | Z16: =IF(E16<>"",30,0) -> 30 | AH16: =SUM(K16:AG16) -> 30 | AI16: =IFERROR(J16/H16,"0") -> 0.95454545 | AJ16: =IFERROR(F16/E16,"0") -> 1 | AK16: =IFERROR(F16/(F16+G16),"0") -> 0.97156056 | AL16: =IFERROR(AK16*AJ16*AI16,"0") -> 0.92739872
A17: =A16+1 -> 46034 | B17: =A17 -> 46034 | C17: Morning | D17: Conveyor Belt | E17: 1346 | F17: =1231+115 -> 1346 | G17: 36.3 | H17: 660 | I17: =IF(E17<>"",30,0) -> 30 | J17: =H17-AH17 -> 630 | Z17: =IF(E17<>"",30,0) -> 30 | AH17: =SUM(K17:AG17) -> 30 | AI17: =IFERROR(J17/H17,"0") -> 0.95454545 | AJ17: =IFERROR(F17/E17,"0") -> 1 | AK17: =IFERROR(F17/(F17+G17),"0") -> 0.97373942 | AL17: =IFERROR(AK17*AJ17*AI17,"0") -> 0.92947854
A18: =A17+1 -> 46035 | B18: =A18 -> 46035 | C18: Morning | D18: Conveyor Belt | E18: 1346 | F18: =1231+115 -> 1346 | G18: 33.2 | H18: 660 | I18: =IF(E18<>"",30,0) -> 30 | J18: =H18-AH18 -> 630 | Z18: =IF(E18<>"",30,0) -> 30 | AH18: =SUM(K18:AG18) -> 30 | AI18: =IFERROR(J18/H18,"0") -> 0.95454545 | AJ18: =IFERROR(F18/E18,"0") -> 1 | AK18: =IFERROR(F18/(F18+G18),"0") -> 0.97592807 | AL18: =IFERROR(AK18*AJ18*AI18,"0") -> 0.93156771
A19: =A18+1 -> 46036 | B19: =A19 -> 46036 | C19: Morning | D19: Conveyor Belt | E19: 1346 | F19: =1231+115 -> 1346 | G19: 30.1 | H19: 660 | I19: =IF(E19<>"",30,0) -> 30 | J19: =H19-AH19 -> 630 | Z19: =IF(E19<>"",30,0) -> 30 | AH19: =SUM(K19:AG19) -> 30 | AI19: =IFERROR(J19/H19,"0") -> 0.95454545 | AJ19: =IFERROR(F19/E19,"0") -> 1 | AK19: =IFERROR(F19/(F19+G19),"0") -> 0.97812659 | AL19: =IFERROR(AK19*AJ19*AI19,"0") -> 0.93366629
A20: =A19+1 -> 46037 | B20: =A20 -> 46037 | C20: Morning | D20: Conveyor Belt | E20: 1321 | F20: =1231+115-25 -> 1321 | G20: 85 | H20: 660 | I20: =IF(E20<>"",30,0) -> 30 | J20: =H20-AH20 -> 630 | Z20: =IF(E20<>"",30,0) -> 30 | AH20: =SUM(K20:AG20) -> 30 | AI20: =IFERROR(J20/H20,"0") -> 0.95454545 | AJ20: =IFERROR(F20/E20,"0") -> 1 | AK20: =IFERROR(F20/(F20+G20),"0") -> 0.93954481 | AL20: =IFERROR(AK20*AJ20*AI20,"0") -> 0.89683823
A21: =A20+1 -> 46038 | B21: =A21 -> 46038 | C21: Morning | D21: Conveyor Belt | E21: 1000 | F21: 1000 | H21: 480 | J21: =H21-AH21 -> 450 | Z21: =IF(E21<>"",30,0) -> 30 | AH21: =SUM(K21:AG21) -> 30 | AI21: =IFERROR(J21/H21,"0") -> 0.9375 | AJ21: =IFERROR(F21/E21,"0") -> 1 | AK21: =IFERROR(F21/(F21+G21),"0") -> 1 | AL21: =IFERROR(AK21*AJ21*AI21,"0") -> 0.9375
A22: =A21+1 -> 46039 | B22: =A22 -> 46039 | C22: Morning | D22: Conveyor Belt | E22: 1231 | F22: 1231 | G22: 45 | H22: 660 | I22: =IF(E22<>"",30,0) -> 30 | J22: =H22-AH22 -> 630 | Z22: =IF(E22<>"",30,0) -> 30 | AH22: =SUM(K22:AG22) -> 30 | AI22: =IFERROR(J22/H22,"0") -> 0.95454545 | AJ22: =IFERROR(F22/E22,"0") -> 1 | AK22: =IFERROR(F22/(F22+G22),"0") -> 0.96473354 | AL22: =IFERROR(AK22*AJ22*AI22,"0") -> 0.92088202
A23: =A22+1 -> 46040 | B23: =A23 -> 46040 | C23: Morning | D23: Conveyor Belt | E23: 1231 | F23: 1231 | G23: 20 | H23: 660 | I23: =IF(E23<>"",30,0) -> 30 | J23: =H23-AH23 -> 630 | Z23: =IF(E23<>"",30,0) -> 30 | AH23: =SUM(K23:AG23) -> 30 | AI23: =IFERROR(J23/H23,"0") -> 0.95454545 | AJ23: =IFERROR(F23/E23,"0") -> 1 | AK23: =IFERROR(F23/(F23+G23),"0") -> 0.98401279 | AL23: =IFERROR(AK23*AJ23*AI23,"0") -> 0.93928494
A24: =A23+1 -> 46041 | B24: =A24 -> 46041 | C24: Morning | D24: Conveyor Belt | E24: 1231 | F24: 1231 | G24: 15 | H24: 660 | I24: =IF(E24<>"",30,0) -> 30 | J24: =H24-AH24 -> 630 | Z24: =IF(E24<>"",30,0) -> 30 | AH24: =SUM(K24:AG24) -> 30 | AI24: =IFERROR(J24/H24,"0") -> 0.95454545 | AJ24: =IFERROR(F24/E24,"0") -> 1 | AK24: =IFERROR(F24/(F24+G24),"0") -> 0.98796148 | AL24: =IFERROR(AK24*AJ24*AI24,"0") -> 0.94305414
A25: =A24+1 -> 46042 | B25: =A25 -> 46042 | C25: Morning | D25: Conveyor Belt | E25: 1231 | F25: 1231 | G25: 33 | H25: 660 | I25: =IF(E25<>"",30,0) -> 30 | J25: =H25-AH25 -> 630 | Z25: =IF(E25<>"",30,0) -> 30 | AH25: =SUM(K25:AG25) -> 30 | AI25: =IFERROR(J25/H25,"0") -> 0.95454545 | AJ25: =IFERROR(F25/E25,"0") -> 1 | AK25: =IFERROR(F25/(F25+G25),"0") -> 0.97389241 | AL25: =IFERROR(AK25*AJ25*AI25,"0") -> 0.92962457
A26: =A25+1 -> 46043 | B26: =A26 -> 46043 | C26: Morning | D26: Conveyor Belt | E26: 1231 | F26: 1231 | G26: 57 | H26: 660 | I26: =IF(E26<>"",30,0) -> 30 | J26: =H26-AH26 -> 630 | Z26: =IF(E26<>"",30,0) -> 30 | AH26: =SUM(K26:AG26) -> 30 | AI26: =IFERROR(J26/H26,"0") -> 0.95454545 | AJ26: =IFERROR(F26/E26,"0") -> 1 | AK26: =IFERROR(F26/(F26+G26),"0") -> 0.95574534 | AL26: =IFERROR(AK26*AJ26*AI26,"0") -> 0.91230237
A27: =A26+1 -> 46044 | B27: =A27 -> 46044 | C27: Morning | D27: Conveyor Belt | E27: 1231 | F27: 1231 | G27: 10 | H27: 660 | I27: =IF(E27<>"",30,0) -> 30 | J27: =H27-AH27 -> 630 | Z27: =IF(E27<>"",30,0) -> 30 | AH27: =SUM(K27:AG27) -> 30 | AI27: =IFERROR(J27/H27,"0") -> 0.95454545 | AJ27: =IFERROR(F27/E27,"0") -> 1 | AK27: =IFERROR(F27/(F27+G27),"0") -> 0.99194198 | AL27: =IFERROR(AK27*AJ27*AI27,"0") -> 0.94685371
A28: =A27+1 -> 46045 | B28: =A28 -> 46045 | C28: Morning | D28: Conveyor Belt | I28: =IF(E28<>"",30,0) -> 0 | J28: =H28-AH28 -> 0 | Z28: =IF(E28<>"",30,0) -> 0 | AH28: =SUM(K28:AG28) -> 0 | AI28: =IFERROR(J28/H28,"0") -> 0 | AJ28: =IFERROR(F28/E28,"0") -> 0 | AK28: =IFERROR(F28/(F28+G28),"0") -> 0 | AL28: =IFERROR(AK28*AJ28*AI28,"0") -> 0
A29: =A28+1 -> 46046 | B29: =A29 -> 46046 | C29: Morning | D29: Conveyor Belt | E29: 1231 | F29: 1231 | G29: 15 | H29: 660 | I29: =IF(E29<>"",30,0) -> 30 | J29: =H29-AH29 -> 630 | Z29: =IF(E29<>"",30,0) -> 30 | AH29: =SUM(K29:AG29) -> 30 | AI29: =IFERROR(J29/H29,"0") -> 0.95454545 | AJ29: =IFERROR(F29/E29,"0") -> 1 | AK29: =IFERROR(F29/(F29+G29),"0") -> 0.98796148 | AL29: =IFERROR(AK29*AJ29*AI29,"0") -> 0.94305414
A30: =A29+1 -> 46047 | B30: =A30 -> 46047 | C30: Morning | D30: Conveyor Belt | E30: 1231 | F30: 1231 | G30: 13 | H30: 660 | I30: =IF(E30<>"",30,0) -> 30 | J30: =H30-AH30 -> 630 | Z30: =IF(E30<>"",30,0) -> 30 | AH30: =SUM(K30:AG30) -> 30 | AI30: =IFERROR(J30/H30,"0") -> 0.95454545 | AJ30: =IFERROR(F30/E30,"0") -> 1 | AK30: =IFERROR(F30/(F30+G30),"0") -> 0.98954984 | AL30: =IFERROR(AK30*AJ30*AI30,"0") -> 0.9445703
A31: =A30+1 -> 46048 | B31: =A31 -> 46048 | C31: Morning | D31: Conveyor Belt | E31: 1000 | F31: 1000 | G31: 12 | H31: 480 | I31: =IF(E31<>"",30,0) -> 30 | J31: =H31-AH31 -> 450 | Z31: =IF(E31<>"",30,0) -> 30 | AH31: =SUM(K31:AG31) -> 30 | AI31: =IFERROR(J31/H31,"0") -> 0.9375 | AJ31: =IFERROR(F31/E31,"0") -> 1 | AK31: =IFERROR(F31/(F31+G31),"0") -> 0.98814229 | AL31: =IFERROR(AK31*AJ31*AI31,"0") -> 0.9263834
A32: =A31+1 -> 46049 | B32: =A32 -> 46049 | C32: Morning | D32: Conveyor Belt | E32: 1000 | F32: 1000 | G32: 8 | H32: 480 | I32: =IF(E32<>"",30,0) -> 30 | J32: =H32-AH32 -> 450 | Z32: =IF(E32<>"",30,0) -> 30 | AH32: =SUM(K32:AG32) -> 30 | AI32: =IFERROR(J32/H32,"0") -> 0.9375 | AJ32: =IFERROR(F32/E32,"0") -> 1 | AK32: =IFERROR(F32/(F32+G32),"0") -> 0.99206349 | AL32: =IFERROR(AK32*AJ32*AI32,"0") -> 0.93005952
A33: =A32+1 -> 46050 | B33: =A33 -> 46050 | C33: Morning | D33: Conveyor Belt | E33: 1000 | F33: 1000 | G33: 21 | H33: 480 | I33: =IF(E33<>"",30,0) -> 30 | J33: =H33-AH33 -> 450 | Z33: =IF(E33<>"",30,0) -> 30 | AH33: =SUM(K33:AG33) -> 30 | AI33: =IFERROR(J33/H33,"0") -> 0.9375 | AJ33: =IFERROR(F33/E33,"0") -> 1 | AK33: =IFERROR(F33/(F33+G33),"0") -> 0.97943193 | AL33: =IFERROR(AK33*AJ33*AI33,"0") -> 0.91821743
A34: =A33+1 -> 46051 | B34: =A34 -> 46051 | C34: Morning | D34: Conveyor Belt | E34: 1000 | F34: 1000 | G34: 11 | H34: 480 | I34: =IF(E34<>"",30,0) -> 30 | J34: =H34-AH34 -> 450 | Z34: =IF(E34<>"",30,0) -> 30 | AH34: =SUM(K34:AG34) -> 30 | AI34: =IFERROR(J34/H34,"0") -> 0.9375 | AJ34: =IFERROR(F34/E34,"0") -> 1 | AK34: =IFERROR(F34/(F34+G34),"0") -> 0.98911968 | AL34: =IFERROR(AK34*AJ34*AI34,"0") -> 0.9272997
A35: =A34+1 -> 46052 | B35: =A35 -> 46052 | C35: Morning | D35: Conveyor Belt | E35: 1000 | F35: 1000 | G35: 5 | H35: 480 | I35: =IF(E35<>"",30,0) -> 30 | J35: =H35-AH35 -> 450 | Z35: =IF(E35<>"",30,0) -> 30 | AH35: =SUM(K35:AG35) -> 30 | AI35: =IFERROR(J35/H35,"0") -> 0.9375 | AJ35: =IFERROR(F35/E35,"0") -> 1 | AK35: =IFERROR(F35/(F35+G35),"0") -> 0.99502488 | AL35: =IFERROR(AK35*AJ35*AI35,"0") -> 0.93283582
A36: =A35+1 -> 46053 | B36: =A36 -> 46053 | C36: Morning | D36: Conveyor Belt | E36: 1000 | F36: 1000 | G36: 7 | H36: 480 | I36: =IF(E36<>"",30,0) -> 30 | J36: =H36-AH36 -> 450 | Z36: =IF(E36<>"",30,0) -> 30 | AH36: =SUM(K36:AG36) -> 30 | AI36: =IFERROR(J36/H36,"0") -> 0.9375 | AJ36: =IFERROR(F36/E36,"0") -> 1 | AK36: =IFERROR(F36/(F36+G36),"0") -> 0.99304866 | AL36: =IFERROR(AK36*AJ36*AI36,"0") -> 0.93098312
A37: Total: | E37: =SUM(E6:E36) -> 35200 | F37: =SUM(F6:F36) -> 35200 | G37: =SUM(G6:G36) -> 985.9 | H37: =SUM(H6:H36) -> 17700 | I37: =SUM(I6:I36) -> 840 | J37: =SUM(J6:J36) -> 16830 | K37: =SUM(K6:K36) -> 0 | L37: =SUM(L6:L36) -> 0 | ... AH37: =SUM(AH6:AH36) -> 870 | AI37: =IFERROR(J37/H37,0) -> 0.95084746 | AJ37: =IFERROR(F37/E37,0) -> 1 | AK37: =IFERROR(F37/(F37+G37),0) -> 0.97275458 | AL37: =IFERROR(AK37*AJ37*AI37,0) -> 0.92494122

Sheet Fan Armature
A1: MEP FAN LTD.
A2: Production Performance Analysis Report
A3: ="Fan Armature Section ("&TEXT('Fan Lathe'!AM3,"mmmm yyyy")&")" -> Fan Armature Section (January 2026) | AM3: ='Fan Lathe'!AM3 -> 46023
K4: 10 | L4: 11 | M4: 12 | N4: 13 | O4: 14 | P4: 15 | Q4: 16 | R4: 17 | S4: 18 | T4: 19 | U4: 20 | V4: 21 | W4: 22 | X4: 23 | Y4: 24 | Z4: 25 | AA4: 26 | AB4: 27 | AC4: 28 | AD4: 29 | AE4: 30 | AF4: 31 | AG4: 32
A5: Date | B5: Day | C5: Shift | D5: Machine Name | E5: Machine Capacity (Pcs) | F5: Actual Prd. (Pcs) | G5: Rejection (Pcs) | H5: Planned Prd. Time (Min) | I5: Expected DownTime (Min) | J5: Total Prd. Run Time (Min) | K5: Heater/Coil Problem | L5: Power Shutdown | M5: Machine Breakdown | N5: Die/ Mold Problem | O5: Model/ Die Change | P5: Air Presser Problem | Q5: Water line Problem | R5: Lift Problem | S5: D Coil Insert | T5: RM Shortage | U5: Crean Problem | V5: Worker Absent | W5: Printer M/C Problem | X5: UPS shutdown | Y5: Load Problem | Z5: Namaz | AA5: Conveyor Belt Problem | AB5: Fitting Problem | AC5: Gas Presser Problem | AD5: Mold polish & Clean | AE5: Alu. Ash Extraction | AF5: Robot Problems | AG5: Alu. Recipe Problem | AH5: Total Down Time (Mins) | AI5: Availability (%) | AJ5: Performance (%) | AK5: Quality (%) | AL5: OEE (%) | AM5: Remarks
A6: =AM3 -> 46023 | B6: =A6 -> 46023 | C6: Morning | D6: Winding Machine | E6: 1345 | F6: 1330 | G6: 0 | H6: 660 | I6: =IF(E6<>"",30,0) -> 30 | J6: =H6-AH6 -> 630 | Z6: =IF(E6<>"",30,0) -> 30 | AH6: =SUM(K6:AG6) -> 30 | AI6: =IFERROR(J6/H6,"0") -> 0.95454545 | AJ6: =IFERROR(F6/E6,"0") -> 0.98884758 | AK6: =IFERROR(F6/(F6+G6),"0") -> 1 | AL6: =IFERROR(AK6*AJ6*AI6,"0") -> 0.94389997
A7: =A6+1 -> 46024 | B7: =A7 -> 46024 | C7: Morning | D7: Winding Machine | E7: 1025 | F7: 1010 | G7: 0 | H7: 480 | I7: =IF(E7<>"",30,0) -> 30 | J7: =H7-AH7 -> 450 | Z7: =IF(E7<>"",30,0) -> 30 | AH7: =SUM(K7:AG7) -> 30 | AI7: =IFERROR(J7/H7,"0") -> 0.9375 | AJ7: =IFERROR(F7/E7,"0") -> 0.98536585 | AK7: =IFERROR(F7/(F7+G7),"0") -> 1 | AL7: =IFERROR(AK7*AJ7*AI7,"0") -> 0.92378049
A8: =A7+1 -> 46025 | B8: =A8 -> 46025 | C8: Morning | D8: Winding Machine | E8: 1400 | F8: 1385 | G8: 0 | H8: 660 | I8: =IF(E8<>"",30,0) -> 30 | J8: =H8-AH8 -> 630 | Z8: =IF(E8<>"",30,0) -> 30 | AH8: =SUM(K8:AG8) -> 30 | AI8: =IFERROR(J8/H8,"0") -> 0.95454545 | AJ8: =IFERROR(F8/E8,"0") -> 0.98928571 | AK8: =IFERROR(F8/(F8+G8),"0") -> 1 | AL8: =IFERROR(AK8*AJ8*AI8,"0") -> 0.94431818
A9: =A8+1 -> 46026 | B9: =A9 -> 46026 | C9: Morning | D9: Winding Machine | E9: 1400 | F9: 1385 | G9: 0 | H9: 660 | I9: =IF(E9<>"",30,0) -> 30 | J9: =H9-AH9 -> 630 | Z9: =IF(E9<>"",30,0) -> 30 | AH9: =SUM(K9:AG9) -> 30 | AI9: =IFERROR(J9/H9,"0") -> 0.95454545 | AJ9: =IFERROR(F9/E9,"0") -> 0.98928571 | AK9: =IFERROR(F9/(F9+G9),"0") -> 1 | AL9: =IFERROR(AK9*AJ9*AI9,"0") -> 0.94431818
A10: =A9+1 -> 46027 | B10: =A10 -> 46027 | C10: Morning | D10: Winding Machine | E10: 1405 | F10: 1390 | G10: 0 | H10: 660 | I10: =IF(E10<>"",30,0) -> 30 | J10: =H10-AH10 -> 630 | Z10: =IF(E10<>"",30,0) -> 30 | AH10: =SUM(K10:AG10) -> 30 | AI10: =IFERROR(J10/H10,"0") -> 0.95454545 | AJ10: =IFERROR(F10/E10,"0") -> 0.98932384 | AK10: =IFERROR(F10/(F10+G10),"0") -> 1 | AL10: =IFERROR(AK10*AJ10*AI10,"0") -> 0.94435458
A11: =A10+1 -> 46028 | B11: =A11 -> 46028 | C11: Morning | D11: Winding Machine | E11: 1415 | F11: 1400 | G11: 0 | H11: 660 | I11: =IF(E11<>"",30,0) -> 30 | J11: =H11-AH11 -> 630 | Z11: =IF(E11<>"",30,0) -> 30 | AH11: =SUM(K11:AG11) -> 30 | AI11: =IFERROR(J11/H11,"0") -> 0.95454545 | AJ11: =IFERROR(F11/E11,"0") -> 0.98939929 | AK11: =IFERROR(F11/(F11+G11),"0") -> 1 | AL11: =IFERROR(AK11*AJ11*AI11,"0") -> 0.9444266
A12: =A11+1 -> 46029 | B12: =A12 -> 46029 | C12: Morning | D12: Winding Machine | E12: 1415 | F12: 1400 | G12: 0 | H12: 660 | I12: =IF(E12<>"",30,0) -> 30 | J12: =H12-AH12 -> 630 | Z12: =IF(E12<>"",30,0) -> 30 | AH12: =SUM(K12:AG12) -> 30 | AI12: =IFERROR(J12/H12,"0") -> 0.95454545 | AJ12: =IFERROR(F12/E12,"0") -> 0.98939929 | AK12: =IFERROR(F12/(F12+G12),"0") -> 1 | AL12: =IFERROR(AK12*AJ12*AI12,"0") -> 0.9444266
A13: =A12+1 -> 46030 | B13: =A13 -> 46030 | C13: Morning | D13: Winding Machine | E13: 1415 | F13: 1400 | G13: 0 | H13: 660 | I13: =IF(E13<>"",30,0) -> 30 | J13: =H13-AH13 -> 630 | Z13: =IF(E13<>"",30,0) -> 30 | AH13: =SUM(K13:AG13) -> 30 | AI13: =IFERROR(J13/H13,"0") -> 0.95454545 | AJ13: =IFERROR(F13/E13,"0") -> 0.98939929 | AK13: =IFERROR(F13/(F13+G13),"0") -> 1 | AL13: =IFERROR(AK13*AJ13*AI13,"0") -> 0.9444266
A14: =A13+1 -> 46031 | B14: =A14 -> 46031 | C14: Morning | D14: Winding Machine | F14: 0 | G14: 0 | I14: =IF(E14<>"",30,0) -> 0 | J14: =H14-AH14 -> 0 | Z14: =IF(E14<>"",30,0) -> 0 | AH14: =SUM(K14:AG14) -> 0 | AI14: =IFERROR(J14/H14,"0") -> 0 | AJ14: =IFERROR(F14/E14,"0") -> 0 | AK14: =IFERROR(F14/(F14+G14),"0") -> 0 | AL14: =IFERROR(AK14*AJ14*AI14,"0") -> 0
A15: =A14+1 -> 46032 | B15: =A15 -> 46032 | C15: Morning | D15: Winding Machine | E15: 1427 | F15: 1412 | G15: 0 | H15: 660 | I15: =IF(E15<>"",30,0) -> 30 | J15: =H15-AH15 -> 630 | Z15: =IF(E15<>"",30,0) -> 30 | AH15: =SUM(K15:AG15) -> 30 | AI15: =IFERROR(J15/H15,"0") -> 0.95454545 | AJ15: =IFERROR(F15/E15,"0") -> 0.98948844 | AK15: =IFERROR(F15/(F15+G15),"0") -> 1 | AL15: =IFERROR(AK15*AJ15*AI15,"0") -> 0.94451169
A16: =A15+1 -> 46033 | B16: =A16 -> 46033 | C16: Morning | D16: Winding Machine | E16: 1030 | F16: 1015 | G16: 0 | H16: 660 | I16: =IF(E16<>"",30,0) -> 30 | J16: =H16-AH16 -> 630 | Z16: =IF(E16<>"",30,0) -> 30 | AH16: =SUM(K16:AG16) -> 30 | AI16: =IFERROR(J16/H16,"0") -> 0.95454545 | AJ16: =IFERROR(F16/E16,"0") -> 0.98543689 | AK16: =IFERROR(F16/(F16+G16),"0") -> 1 | AL16: =IFERROR(AK16*AJ16*AI16,"0") -> 0.94064431
A17: =A16+1 -> 46034 | B17: =A17 -> 46034 | C17: Morning | D17: Winding Machine | E17: 1400 | F17: 1385 | G17: 0 | H17: 660 | I17: =IF(E17<>"",30,0) -> 30 | J17: =H17-AH17 -> 630 | Z17: =IF(E17<>"",30,0) -> 30 | AH17: =SUM(K17:AG17) -> 30 | AI17: =IFERROR(J17/H17,"0") -> 0.95454545 | AJ17: =IFERROR(F17/E17,"0") -> 0.98928571 | AK17: =IFERROR(F17/(F17+G17),"0") -> 1 | AL17: =IFERROR(AK17*AJ17*AI17,"0") -> 0.94431818
A18: =A17+1 -> 46035 | B18: =A18 -> 46035 | C18: Morning | D18: Winding Machine | E18: 1405 | F18: 1390 | G18: 0 | H18: 660 | I18: =IF(E18<>"",30,0) -> 30 | J18: =H18-AH18 -> 630 | Z18: =IF(E18<>"",30,0) -> 30 | AH18: =SUM(K18:AG18) -> 30 | AI18: =IFERROR(J18/H18,"0") -> 0.95454545 | AJ18: =IFERROR(F18/E18,"0") -> 0.98932384 | AK18: =IFERROR(F18/(F18+G18),"0") -> 1 | AL18: =IFERROR(AK18*AJ18*AI18,"0") -> 0.94435458
A19: =A18+1 -> 46036 | B19: =A19 -> 46036 | C19: Morning | D19: Winding Machine | E19: 1035 | F19: 1020 | G19: 0 | H19: 660 | I19: =IF(E19<>"",30,0) -> 30 | J19: =H19-AH19 -> 630 | Z19: =IF(E19<>"",30,0) -> 30 | AH19: =SUM(K19:AG19) -> 30 | AI19: =IFERROR(J19/H19,"0") -> 0.95454545 | AJ19: =IFERROR(F19/E19,"0") -> 0.98550725 | AK19: =IFERROR(F19/(F19+G19),"0") -> 1 | AL19: =IFERROR(AK19*AJ19*AI19,"0") -> 0.94071146
A20: =A19+1 -> 46037 | B20: =A20 -> 46037 | C20: Morning | D20: Winding Machine | E20: 1410 | F20: 1395 | G20: 0 | H20: 660 | I20: =IF(E20<>"",30,0) -> 30 | J20: =H20-AH20 -> 630 | Z20: =IF(E20<>"",30,0) -> 30 | AH20: =SUM(K20:AG20) -> 30 | AI20: =IFERROR(J20/H20,"0") -> 0.95454545 | AJ20: =IFERROR(F20/E20,"0") -> 0.9893617 | AK20: =IFERROR(F20/(F20+G20),"0") -> 1 | AL20: =IFERROR(AK20*AJ20*AI20,"0") -> 0.94439072
A21: =A20+1 -> 46038 | B21: =A21 -> 46038 | C21: Morning | D21: Winding Machine | E21: 1390 | F21: 1375 | G21: 0 | H21: 480 | I21: =IF(E21<>"",30,0) -> 30 | J21: =H21-AH21 -> 450 | Z21: =IF(E21<>"",30,0) -> 30 | AH21: =SUM(K21:AG21) -> 30 | AI21: =IFERROR(J21/H21,"0") -> 0.9375 | AJ21: =IFERROR(F21/E21,"0") -> 0.98920863 | AK21: =IFERROR(F21/(F21+G21),"0") -> 1 | AL21: =IFERROR(AK21*AJ21*AI21,"0") -> 0.92738309
A22: =A21+1 -> 46039 | B22: =A22 -> 46039 | C22: Morning | D22: Winding Machine | E22: 1040 | F22: 1025 | G22: 0 | H22: 660 | I22: =IF(E22<>"",30,0) -> 30 | J22: =H22-AH22 -> 630 | Z22: =IF(E22<>"",30,0) -> 30 | AH22: =SUM(K22:AG22) -> 30 | AI22: =IFERROR(J22/H22,"0") -> 0.95454545 | AJ22: =IFERROR(F22/E22,"0") -> 0.98557692 | AK22: =IFERROR(F22/(F22+G22),"0") -> 1 | AL22: =IFERROR(AK22*AJ22*AI22,"0") -> 0.94077797
A23: =A22+1 -> 46040 | B23: =A23 -> 46040 | C23: Morning | D23: Winding Machine | E23: 1415 | F23: 1400 | G23: 0 | H23: 660 | I23: =IF(E23<>"",30,0) -> 30 | J23: =H23-AH23 -> 630 | Z23: =IF(E23<>"",30,0) -> 30 | AH23: =SUM(K23:AG23) -> 30 | AI23: =IFERROR(J23/H23,"0") -> 0.95454545 | AJ23: =IFERROR(F23/E23,"0") -> 0.98939929 | AK23: =IFERROR(F23/(F23+G23),"0") -> 1 | AL23: =IFERROR(AK23*AJ23*AI23,"0") -> 0.9444266
A24: =A23+1 -> 46041 | B24: =A24 -> 46041 | C24: Morning | D24: Winding Machine | E24: 1415 | F24: 1400 | G24: 0 | H24: 660 | I24: =IF(E24<>"",30,0) -> 30 | J24: =H24-AH24 -> 630 | Z24: =IF(E24<>"",30,0) -> 30 | AH24: =SUM(K24:AG24) -> 30 | AI24: =IFERROR(J24/H24,"0") -> 0.95454545 | AJ24: =IFERROR(F24/E24,"0") -> 0.98939929 | AK24: =IFERROR(F24/(F24+G24),"0") -> 1 | AL24: =IFERROR(AK24*AJ24*AI24,"0") -> 0.9444266
A25: =A24+1 -> 46042 | B25: =A25 -> 46042 | C25: Morning | D25: Winding Machine | E25: 1410 | F25: 1395 | G25: 0 | H25: 660 | I25: =IF(E25<>"",30,0) -> 30 | J25: =H25-AH25 -> 630 | Z25: =IF(E25<>"",30,0) -> 30 | AH25: =SUM(K25:AG25) -> 30 | AI25: =IFERROR(J25/H25,"0") -> 0.95454545 | AJ25: =IFERROR(F25/E25,"0") -> 0.9893617 | AK25: =IFERROR(F25/(F25+G25),"0") -> 1 | AL25: =IFERROR(AK25*AJ25*AI25,"0") -> 0.94439072
A26: =A25+1 -> 46043 | B26: =A26 -> 46043 | C26: Morning | D26: Winding Machine | E26: 1410 | F26: 1395 | G26: 0 | H26: 660 | I26: =IF(E26<>"",30,0) -> 30 | J26: =H26-AH26 -> 630 | Z26: =IF(E26<>"",30,0) -> 30 | AH26: =SUM(K26:AG26) -> 30 | AI26: =IFERROR(J26/H26,"0") -> 0.95454545 | AJ26: =IFERROR(F26/E26,"0") -> 0.9893617 | AK26: =IFERROR(F26/(F26+G26),"0") -> 1 | AL26: =IFERROR(AK26*AJ26*AI26,"0") -> 0.94439072
A27: =A26+1 -> 46044 | B27: =A27 -> 46044 | C27: Morning | D27: Winding Machine | E27: 790 | F27: 775 | G27: 0 | H27: 660 | I27: =IF(E27<>"",30,0) -> 30 | J27: =H27-AH27 -> 630 | Z27: =IF(E27<>"",30,0) -> 30 | AH27: =SUM(K27:AG27) -> 30 | AI27: =IFERROR(J27/H27,"0") -> 0.95454545 | AJ27: =IFERROR(F27/E27,"0") -> 0.98101266 | AK27: =IFERROR(F27/(F27+G27),"0") -> 1 | AL27: =IFERROR(AK27*AJ27*AI27,"0") -> 0.93642117
A28: =A27+1 -> 46045 | B28: =A28 -> 46045 | C28: Morning | D28: Winding Machine | F28: 0 | G28: 0 | I28: =IF(E28<>"",30,0) -> 0 | J28: =H28-AH28 -> 0 | Z28: =IF(E28<>"",30,0) -> 0 | AH28: =SUM(K28:AG28) -> 0 | AI28: =IFERROR(J28/H28,"0") -> 0 | AJ28: =IFERROR(F28/E28,"0") -> 0 | AK28: =IFERROR(F28/(F28+G28),"0") -> 0 | AL28: =IFERROR(AK28*AJ28*AI28,"0") -> 0
A29: =A28+1 -> 46046 | B29: =A29 -> 46046 | C29: Morning | D29: Winding Machine | E29: 1405 | F29: 1390 | G29: 0 | H29: 660 | I29: =IF(E29<>"",30,0) -> 30 | J29: =H29-AH29 -> 630 | Z29: =IF(E29<>"",30,0) -> 30 | AH29: =SUM(K29:AG29) -> 30 | AI29: =IFERROR(J29/H29,"0") -> 0.95454545 | AJ29: =IFERROR(F29/E29,"0") -> 0.98932384 | AK29: =IFERROR(F29/(F29+G29),"0") -> 1 | AL29: =IFERROR(AK29*AJ29*AI29,"0") -> 0.94435458
A30: =A29+1 -> 46047 | B30: =A30 -> 46047 | C30: Morning | D30: Winding Machine | E30: 1335 | F30: 1320 | G30: 0 | H30: 660 | I30: =IF(E30<>"",30,0) -> 30 | J30: =H30-AH30 -> 630 | Z30: =IF(E30<>"",30,0) -> 30 | AH30: =SUM(K30:AG30) -> 30 | AI30: =IFERROR(J30/H30,"0") -> 0.95454545 | AJ30: =IFERROR(F30/E30,"0") -> 0.98876404 | AK30: =IFERROR(F30/(F30+G30),"0") -> 1 | AL30: =IFERROR(AK30*AJ30*AI30,"0") -> 0.94382022
A31: =A30+1 -> 46048 | B31: =A31 -> 46048 | C31: Morning | D31: Winding Machine | E31: 1415 | F31: 1400 | G31: 0 | H31: 480 | I31: =IF(E31<>"",30,0) -> 30 | J31: =H31-AH31 -> 450 | Z31: =IF(E31<>"",30,0) -> 30 | AH31: =SUM(K31:AG31) -> 30 | AI31: =IFERROR(J31/H31,"0") -> 0.9375 | AJ31: =IFERROR(F31/E31,"0") -> 0.98939929 | AK31: =IFERROR(F31/(F31+G31),"0") -> 1 | AL31: =IFERROR(AK31*AJ31*AI31,"0") -> 0.92756184
A32: =A31+1 -> 46049 | B32: =A32 -> 46049 | C32: Morning | D32: Winding Machine | E32: 1040 | F32: 1025 | G32: 0 | H32: 480 | I32: =IF(E32<>"",30,0) -> 30 | J32: =H32-AH32 -> 450 | Z32: =IF(E32<>"",30,0) -> 30 | AH32: =SUM(K32:AG32) -> 30 | AI32: =IFERROR(J32/H32,"0") -> 0.9375 | AJ32: =IFERROR(F32/E32,"0") -> 0.98557692 | AK32: =IFERROR(F32/(F32+G32),"0") -> 1 | AL32: =IFERROR(AK32*AJ32*AI32,"0") -> 0.92397837
A33: =A32+1 -> 46050 | B33: =A33 -> 46050 | C33: Morning | D33: Winding Machine | E33: 685 | F33: 670 | G33: 0 | H33: 480 | I33: =IF(E33<>"",30,0) -> 30 | J33: =H33-AH33 -> 450 | Z33: =IF(E33<>"",30,0) -> 30 | AH33: =SUM(K33:AG33) -> 30 | AI33: =IFERROR(J33/H33,"0") -> 0.9375 | AJ33: =IFERROR(F33/E33,"0") -> 0.97810219 | AK33: =IFERROR(F33/(F33+G33),"0") -> 1 | AL33: =IFERROR(AK33*AJ33*AI33,"0") -> 0.9169708
A34: =A33+1 -> 46051 | B34: =A34 -> 46051 | C34: Morning | D34: Winding Machine | E34: 975 | F34: 960 | G34: 0 | H34: 480 | I34: =IF(E34<>"",30,0) -> 30 | J34: =H34-AH34 -> 450 | Z34: =IF(E34<>"",30,0) -> 30 | AH34: =SUM(K34:AG34) -> 30 | AI34: =IFERROR(J34/H34,"0") -> 0.9375 | AJ34: =IFERROR(F34/E34,"0") -> 0.98461538 | AK34: =IFERROR(F34/(F34+G34),"0") -> 1 | AL34: =IFERROR(AK34*AJ34*AI34,"0") -> 0.92307692
A35: =A34+1 -> 46052 | B35: =A35 -> 46052 | C35: Morning | D35: Winding Machine | E35: 1020 | F35: 1005 | G35: 0 | H35: 480 | I35: =IF(E35<>"",30,0) -> 30 | J35: =H35-AH35 -> 450 | Z35: =IF(E35<>"",30,0) -> 30 | AH35: =SUM(K35:AG35) -> 30 | AI35: =IFERROR(J35/H35,"0") -> 0.9375 | AJ35: =IFERROR(F35/E35,"0") -> 0.98529412 | AK35: =IFERROR(F35/(F35+G35),"0") -> 1 | AL35: =IFERROR(AK35*AJ35*AI35,"0") -> 0.92371324
A36: =A35+1 -> 46053 | B36: =A36 -> 46053 | C36: Morning | D36: Winding Machine | E36: 1025 | F36: 1010 | G36: 0 | H36: 480 | I36: =IF(E36<>"",30,0) -> 30 | J36: =H36-AH36 -> 450 | Z36: =IF(E36<>"",30,0) -> 30 | AH36: =SUM(K36:AG36) -> 30 | AI36: =IFERROR(J36/H36,"0") -> 0.9375 | AJ36: =IFERROR(F36/E36,"0") -> 0.98536585 | AK36: =IFERROR(F36/(F36+G36),"0") -> 1 | AL36: =IFERROR(AK36*AJ36*AI36,"0") -> 0.92378049
A37: Total: | E37: 36297 | F37: =SUM(F6:F36) -> 35862 | G37: =SUM(G6:G36) -> 0 | H37: =SUM(H6:H36) -> 17700 | I37: =SUM(I6:I36) -> 870 | J37: =SUM(J6:J36) -> 16830 | K37: =SUM(K6:K36) -> 0 | L37: =SUM(L6:L36) -> 0 | M37: =SUM(M6:M36) -> 0 | ... AH37: =SUM(AH6:AH36) -> 870 | AI37: =IFERROR(J37/H37,0) -> 0.95084746 | AJ37: =IFERROR(F37/E37,0) -> 0.98801554 | AK37: =IFERROR(F37/(F37+G37),0) -> 1 | AL37: =IFERROR(AK37*AJ37*AI37,0) -> 0.93945206

Sheet Fan Power Press & Stamping
A1: MEP FAN LTD.
A2: Production Performance Analysis Report | AR2: 46023 | AS2: 45689 | AT2: 45717 | AU2: 45748 | AV2: 45778 | AW2: 45809 | AX2: 45839 | AY2: 45870 | AZ2: 45901 | BA2: 45931 | BB2: 45962 | BC2: 45992
A3: ='Fan Lathe'!AM3 -> 46023 | P3: ="Fan Power Press Section ("&TEXT('Fan Lathe'!AM3,"mmmm yyyy")&")" -> Fan Power Press Section (January 2026)
K4: 10 | L4: 11 | M4: 12 | N4: 13 | O4: 14 | P4: 15 | Q4: 16 | R4: 17 | S4: 18 | T4: 19 | U4: 20 | V4: 21 | W4: 22 | X4: 23 | Y4: 33 | Z4: 34 | AA4: 35 | AB4: 24 | AC4: 25 | AD4: 26 | AE4: 27 | AF4: 28 | AG4: 29 | AH4: 30 | AI4: 31 | AJ4: 32
A5: Date | B5: Day | C5: Shift | D5: Machine Name | E5: Production Capacity (Pcs) | F5: Actual Prd. (Pcs) | G5: Rejection (Pcs) | H5: Planned Prd. Time (Min) | I5: Expected DownTime (Min) | J5: Total Prd. Run Time (Min) | K5: Heater/Coil Problem | L5: Power Shutdown | M5: Machine Breakdown | N5: Die/ Mold Problem | O5: Model/ Die Change | P5: Air Presser Problem | Q5: Water line Problem | R5: Lift Problem | S5: D Coil Insert | T5: RM Shortage | U5: Crean Problem | V5: Worker Absent | W5: Printer M/C Problem | X5: UPS shutdown | Y5: Box Moving | Z5: Up Casting Meeting | AA5: Sheet Cutting& Pipe Carry | AB5: Load Problem | AC5: Namaz | AD5: Conveyor Belt Problem | AE5: Fitting Problem | AF5: Gas Presser Problem | AG5: Mold polish & Clean | AH5: Alu. Ash Extraction | AI5: Robot Problems | AJ5: Alu. Recipe Problem | AK5: Total Down Time (Mins) | AL5: Availability (%) | AM5: Performance (%) | AN5: Quality (%) | AO5: OEE (%) | AP5: Remarks
A6: =A3 -> 46023 | B6: =A6 -> 46023 | C6: Morning | D6: Shank | E6: 3500 | H6: 660 | I6: =IF(E6<>"",120,0) -> 120 | J6: =H6-AK6 -> 0 | M6: 660 | AK6: =SUM(K6:AJ6) -> 660 | AL6: =IFERROR(J6/H6,"0") -> 0 | AM6: =IFERROR(F6/E6,"0") -> 0 | AN6: =IFERROR(F6/(F6+G6),"0") -> 0 | AO6: =IFERROR(AN6*AM6*AL6,"0") -> 0 | AQ6: 46023
C7: Morning | D7: Clamp | E7: 3000 | H7: 660 | I7: =IF(E7<>"",120,0) -> 120 | J7: =H7-AK7 -> 0 | M7: 660 | AK7: =SUM(K7:AJ7) -> 660 | AL7: =IFERROR(J7/H7,"0") -> 0 | AM7: =IFERROR(F7/E7,"0") -> 0 | AN7: =IFERROR(F7/(F7+G7),"0") -> 0 | AO7: =IFERROR(AN7*AM7*AL7,"0") -> 0 | AQ7: 46054
C8: Morning | D8: Rotor & Stator | E8: 2500 | F8: 2072 | G8: 12 | H8: 660 | I8: =IF(E8<>"",120,0) -> 120 | J8: =H8-AK8 -> 520 | S8: 60 | Y8: 50 | AC8: 30 | AK8: =SUM(K8:AJ8) -> 140 | AL8: =IFERROR(J8/H8,"0") -> 0.78787879 | AM8: =IFERROR(F8/E8,"0") -> 0.8288 | AN8: =IFERROR(F8/(F8+G8),"0") -> 0.99424184 | AO8: =IFERROR(AN8*AM8*AL8,"0") -> 0.6492339 | AQ8: 46082
C9: Morning | D9: Blade(5601) | E9: 2100 | H9: 660 | I9: =IF(E9<>"",120,0) -> 120 | J9: =H9-AK9 -> 0 | T9: 660 | AK9: =SUM(K9:AJ9) -> 660 | AL9: =IFERROR(J9/H9,"0") -> 0 | AM9: =IFERROR(F9/E9,"0") -> 0 | AN9: =IFERROR(F9/(F9+G9),"0") -> 0 | AO9: =IFERROR(AN9*AM9*AL9,"0") -> 0 | AQ9: 46113
C10: Morning | D10: Downpipe | E10: 1550 | F10: 1500 | H10: 660 | I10: =IF(E10<>"",120,0) -> 120 | J10: =H10-AK10 -> 639 | AC10: 21 | AK10: =SUM(K10:AJ10) -> 21 | AL10: =IFERROR(J10/H10,"0") -> 0.96818182 | AM10: =IFERROR(F10/E10,"0") -> 0.96774194 | AN10: =IFERROR(F10/(F10+G10),"0") -> 1 | AO10: =IFERROR(AN10*AM10*AL10,"0") -> 0.93695015 | AQ10: 46143
A11: =A6+1 -> 46024 | B11: =A11 -> 46024 | C11: Morning | D11: Shank | E11: 2550 | H11: 480 | I11: =IF(E11<>"",120,0) -> 120 | J11: =H11-AK11 -> 0 | M11: 480 | AK11: =SUM(K11:AJ11) -> 480 | AL11: =IFERROR(J11/H11,"0") -> 0 | AM11: =IFERROR(F11/E11,"0") -> 0 | AN11: =IFERROR(F11/(F11+G11),"0") -> 0 | AO11: =IFERROR(AN11*AM11*AL11,"0") -> 0 | AQ11: 46174
C12: Morning | D12: Clamp | E12: 2200 | H12: 480 | I12: =IF(E12<>"",120,0) -> 120 | J12: =H12-AK12 -> 0 | M12: 480 | AK12: =SUM(K12:AJ12) -> 480 | AL12: =IFERROR(J12/H12,"0") -> 0 | AM12: =IFERROR(F12/E12,"0") -> 0 | AN12: =IFERROR(F12/(F12+G12),"0") -> 0 | AO12: =IFERROR(AN12*AM12*AL12,"0") -> 0 | AQ12: 46204
C13: Morning | D13: Rotor & Stator | E13: 1820 | F13: 1230 | G13: 6 | H13: 480 | I13: =IF(E13<>"",120,0) -> 120 | J13: =H13-AK13 -> 325 | S13: 50 | Y13: 40 | AC13: 45 | AG13: 20 | AK13: =SUM(K13:AJ13) -> 155 | AL13: =IFERROR(J13/H13,"0") -> 0.67708333 | AM13: =IFERROR(F13/E13,"0") -> 0.67582418 | AN13: =IFERROR(F13/(F13+G13),"0") -> 0.99514563 | AO13: =IFERROR(AN13*AM13*AL13,"0") -> 0.45536798 | AQ13: 46235
C14: Morning | D14: Blade(5601) | E14: 1500 | H14: 480 | I14: =IF(E14<>"",120,0) -> 120 | J14: =H14-AK14 -> 0 | T14: 480 | AK14: =SUM(K14:AJ14) -> 480 | AL14: =IFERROR(J14/H14,"0") -> 0 | AM14: =IFERROR(F14/E14,"0") -> 0 | AN14: =IFERROR(F14/(F14+G14),"0") -> 0 | AO14: =IFERROR(AN14*AM14*AL14,"0") -> 0 | AQ14: 46266
C15: Morning | D15: Downpipe | E15: 1130 | F15: 1000 | G15: 2 | H15: 480 | I15: =IF(E15<>"",120,0) -> 120 | J15: =H15-AK15 -> 425 | AA15: 30 | AC15: 25 | AK15: =SUM(K15:AJ15) -> 55 | AL15: =IFERROR(J15/H15,"0") -> 0.88541667 | AM15: =IFERROR(F15/E15,"0") -> 0.88495575 | AN15: =IFERROR(F15/(F15+G15),"0") -> 0.99800399 | AO15: =IFERROR(AN15*AM15*AL15,"0") -> 0.78199059 | AQ15: 46296
A16: =A11+1 -> 46025 | B16: =A16 -> 46025 | C16: Morning | D16: Shank | E16: 3500 | H16: 660 | I16: =IF(E16<>"",120,0) -> 120 | J16: =H16-AK16 -> 0 | M16: 660 | AK16: =SUM(K16:AJ16) -> 660 | AL16: =IFERROR(J16/H16,"0") -> 0 | AM16: =IFERROR(F16/E16,"0") -> 0 | AN16: =IFERROR(F16/(F16+G16),"0") -> 0 | AO16: =IFERROR(AN16*AM16*AL16,"0") -> 0 | AQ16: 46327
C17: Morning | D17: Clamp | E17: 3000 | F17: 2125 | G17: 4 | H17: 660 | I17: =IF(E17<>"",120,0) -> 120 | J17: =H17-AK17 -> 470 | M17: 70 | N17: 60 | Y17: 30 | AC17: 30 | AK17: =SUM(K17:AJ17) -> 190 | AL17: =IFERROR(J17/H17,"0") -> 0.71212121 | AM17: =IFERROR(F17/E17,"0") -> 0.70833333 | AN17: =IFERROR(F17/(F17+G17),"0") -> 0.99812118 | AO17: =IFERROR(AN17*AM17*AL17,"0") -> 0.50347148 | AQ17: 46357
C18: Morning | D18: Rotor & Stator | E18: 2500 | F18: 1767 | G18: 6 | H18: 660 | I18: =IF(E18<>"",120,0) -> 120 | J18: =H18-AK18 -> 470 | S18: 70 | Y18: 60 | AC18: 30 | AG18: 30 | AK18: =SUM(K18:AJ18) -> 190 | AL18: =IFERROR(J18/H18,"0") -> 0.71212121 | AM18: =IFERROR(F18/E18,"0") -> 0.7068 | AN18: =IFERROR(F18/(F18+G18),"0") -> 0.99661591 | AO18: =IFERROR(AN18*AM18*AL18,"0") -> 0.50162397
C19: Morning | D19: Blade(5601) | E19: 2100 | F19: 600 | G19: 2 | H19: 660 | I19: =IF(E19<>"",120,0) -> 120 | J19: =H19-AK19 -> 190 | AA19: 445 | AC19: 25 | AK19: =SUM(K19:AJ19) -> 470 | AL19: =IFERROR(J19/H19,"0") -> 0.28787879 | AM19: =IFERROR(F19/E19,"0") -> 0.28571429 | AN19: =IFERROR(F19/(F19+G19),"0") -> 0.99667774 | AO19: =IFERROR(AN19*AM19*AL19,"0") -> 0.081977823
C20: Morning | D20: Downpipe | E20: 1550 | F20: 650 | H20: 660 | I20: =IF(E20<>"",120,0) -> 120 | J20: =H20-AK20 -> 280 | M20: 300 | AA20: 60 | AC20: 20 | AK20: =SUM(K20:AJ20) -> 380 | AL20: =IFERROR(J20/H20,"0") -> 0.42424242 | AM20: =IFERROR(F20/E20,"0") -> 0.41935484 | AN20: =IFERROR(F20/(F20+G20),"0") -> 1 | AO20: =IFERROR(AN20*AM20*AL20,"0") -> 0.17790811
A21: =A16+1 -> 46026 | B21: =A21 -> 46026 | C21: Morning | D21: Shank | E21: 3500 | F21: 3253 | G21: 8 | H21: 660 | I21: =IF(E21<>"",120,0) -> 120 | J21: =H21-AK21 -> 610 | Y21: 25 | AC21: 25 | AK21: =SUM(K21:AJ21) -> 50 | AL21: =IFERROR(J21/H21,"0") -> 0.92424242 | AM21: =IFERROR(F21/E21,"0") -> 0.92942857 | AN21: =IFERROR(F21/(F21+G21),"0") -> 0.99754676 | AO21: =IFERROR(AN21*AM21*AL21,"0") -> 0.85690994
C22: Morning | D22: Clamp | E22: 3000 | H22: 660 | I22: =IF(E22<>"",120,0) -> 120 | J22: =H22-AK22 -> 0 | M22: 660 | AK22: =SUM(K22:AJ22) -> 660 | AL22: =IFERROR(J22/H22,"0") -> 0 | AM22: =IFERROR(F22/E22,"0") -> 0 | AN22: =IFERROR(F22/(F22+G22),"0") -> 0 | AO22: =IFERROR(AN22*AM22*AL22,"0") -> 0
C23: Morning | D23: Rotor & Stator | E23: 2500 | F23: 1139 | H23: 660 | I23: =IF(E23<>"",120,0) -> 120 | J23: =H23-AK23 -> 310 | S23: 40 | T23: 250 | Y23: 35 | AC23: 25 | AK23: =SUM(K23:AJ23) -> 350 | AL23: =IFERROR(J23/H23,"0") -> 0.46969697 | AM23: =IFERROR(F23/E23,"0") -> 0.4556 | AN23: =IFERROR(F23/(F23+G23),"0") -> 1 | AO23: =IFERROR(AN23*AM23*AL23,"0") -> 0.21399394
C24: Morning | D24: Blade(5601) | E24: 2100 | F24: 2000 | G24: 2 | H24: 660 | I24: =IF(E24<>"",120,0) -> 120 | J24: =H24-AK24 -> 630 | AC24: 30 | AK24: =SUM(K24:AJ24) -> 30 | AL24: =IFERROR(J24/H24,"0") -> 0.95454545 | AM24: =IFERROR(F24/E24,"0") -> 0.95238095 | AN24: =IFERROR(F24/(F24+G24),"0") -> 0.999001 | AO24: =IFERROR(AN24*AM24*AL24,"0") -> 0.90818273
C25: Morning | D25: Downpipe | E25: 1550 | F25: 1500 | H25: 660 | I25: =IF(E25<>"",120,0) -> 120 | J25: =H25-AK25 -> 635 | AA25: 25 | AK25: =SUM(K25:AJ25) -> 25 | AL25: =IFERROR(J25/H25,"0") -> 0.96212121 | AM25: =IFERROR(F25/E25,"0") -> 0.96774194 | AN25: =IFERROR(F25/(F25+G25),"0") -> 1 | AO25: =IFERROR(AN25*AM25*AL25,"0") -> 0.93108504
A26: =A21+1 -> 46027 | B26: =A26 -> 46027 | C26: Morning | D26: Shank | E26: 3500 | F26: 3353 | G26: 6 | H26: 660 | I26: =IF(E26<>"",120,0) -> 120 | J26: =H26-AK26 -> 660 | AK26: =SUM(K26:AJ26) -> 0 | AL26: =IFERROR(J26/H26,"0") -> 1 | AM26: =IFERROR(F26/E26,"0") -> 0.958 | AN26: =IFERROR(F26/(F26+G26),"0") -> 0.99821375 | AO26: =IFERROR(AN26*AM26*AL26,"0") -> 0.95628878
C27: Morning | D27: Clamp | E27: 3000 | H27: 660 | I27: =IF(E27<>"",120,0) -> 120 | J27: =H27-AK27 -> 0 | M27: 660 | AK27: =SUM(K27:AJ27) -> 660 | AL27: =IFERROR(J27/H27,"0") -> 0 | AM27: =IFERROR(F27/E27,"0") -> 0 | AN27: =IFERROR(F27/(F27+G27),"0") -> 0 | AO27: =IFERROR(AN27*AM27*AL27,"0") -> 0
C28: Morning | D28: Rotor & Stator | E28: 2500 | H28: 660 | I28: =IF(E28<>"",120,0) -> 120 | J28: =H28-AK28 -> 0 | T28: 660 | AK28: =SUM(K28:AJ28) -> 660 | AL28: =IFERROR(J28/H28,"0") -> 0 | AM28: =IFERROR(F28/E28,"0") -> 0 | AN28: =IFERROR(F28/(F28+G28),"0") -> 0 | AO28: =IFERROR(AN28*AM28*AL28,"0") -> 0
C29: Morning | D29: Blade(5601) | E29: 2100 | F29: 2000 | H29: 660 | I29: =IF(E29<>"",120,0) -> 120 | J29: =H29-AK29 -> 630 | AC29: 30 | AK29: =SUM(K29:AJ29) -> 30 | AL29: =IFERROR(J29/H29,"0") -> 0.95454545 | AM29: =IFERROR(F29/E29,"0") -> 0.95238095 | AN29: =IFERROR(F29/(F29+G29),"0") -> 1 | AO29: =IFERROR(AN29*AM29*AL29,"0") -> 0.90909091
C30: Morning | D30: Downpipe | E30: 1550 | F30: 1500 | G30: 2 | H30: 660 | I30: =IF(E30<>"",120,0) -> 120 | J30: =H30-AK30 -> 635 | AA30: 25 | AK30: =SUM(K30:AJ30) -> 25 | AL30: =IFERROR(J30/H30,"0") -> 0.96212121 | AM30: =IFERROR(F30/E30,"0") -> 0.96774194 | AN30: =IFERROR(F30/(F30+G30),"0") -> 0.99866844 | AO30: =IFERROR(AN30*AM30*AL30,"0") -> 0.92984525
A31: =A26+1 -> 46028 | B31: =A31 -> 46028 | C31: Morning | D31: Shank | E31: 3500 | F31: 3333 | H31: 660 | I31: =IF(E31<>"",120,0) -> 120 | J31: =H31-AK31 -> 630 | AC31: 30 | AK31: =SUM(K31:AJ31) -> 30 | AL31: =IFERROR(J31/H31,"0") -> 0.95454545 | AM31: =IFERROR(F31/E31,"0") -> 0.95228571 | AN31: =IFERROR(F31/(F31+G31),"0") -> 1 | AO31: =IFERROR(AN31*AM31*AL31,"0") -> 0.909
C32: Morning | D32: Clamp | E32: 3000 | F32: 2550 | H32: 660 | I32: =IF(E32<>"",120,0) -> 120 | J32: =H32-AK32 -> 630 | AC32: 30 | AK32: =SUM(K32:AJ32) -> 30 | AL32: =IFERROR(J32/H32,"0") -> 0.95454545 | AM32: =IFERROR(F32/E32,"0") -> 0.85 | AN32: =IFERROR(F32/(F32+G32),"0") -> 1 | AO32: =IFERROR(AN32*AM32*AL32,"0") -> 0.81136364
C33: Morning | D33: Rotor & Stator | E33: 2500 | H33: 660 | I33: =IF(E33<>"",120,0) -> 120 | J33: =H33-AK33 -> 0 | N33: 660 | AK33: =SUM(K33:AJ33) -> 660 | AL33: =IFERROR(J33/H33,"0") -> 0 | AM33: =IFERROR(F33/E33,"0") -> 0 | AN33: =IFERROR(F33/(F33+G33),"0") -> 0 | AO33: =IFERROR(AN33*AM33*AL33,"0") -> 0
C34: Morning | D34: Blade(5601) | E34: 2100 | F34: 2000 | H34: 660 | I34: =IF(E34<>"",120,0) -> 120 | J34: =H34-AK34 -> 630 | AC34: 30 | AK34: =SUM(K34:AJ34) -> 30 | AL34: =IFERROR(J34/H34,"0") -> 0.95454545 | AM34: =IFERROR(F34/E34,"0") -> 0.95238095 | AN34: =IFERROR(F34/(F34+G34),"0") -> 1 | AO34: =IFERROR(AN34*AM34*AL34,"0") -> 0.90909091
C35: Morning | D35: Downpipe | E35: 1550 | F35: 1500 | H35: 660 | I35: =IF(E35<>"",120,0) -> 120 | J35: =H35-AK35 -> 635 | AA35: 25 | AK35: =SUM(K35:AJ35) -> 25 | AL35: =IFERROR(J35/H35,"0") -> 0.96212121 | AM35: =IFERROR(F35/E35,"0") -> 0.96774194 | AN35: =IFERROR(F35/(F35+G35),"0") -> 1 | AO35: =IFERROR(AN35*AM35*AL35,"0") -> 0.93108504
A36: =A31+1 -> 46029 | B36: =A36 -> 46029 | C36: Morning | D36: Shank | E36: 3500 | F36: 3333 | G36: 6 | H36: 660 | I36: =IF(E36<>"",120,0) -> 120 | J36: =H36-AK36 -> 630 | AC36: 30 | AK36: =SUM(K36:AJ36) -> 30 | AL36: =IFERROR(J36/H36,"0") -> 0.95454545 | AM36: =IFERROR(F36/E36,"0") -> 0.95228571 | AN36: =IFERROR(F36/(F36+G36),"0") -> 0.99820305 | AO36: =IFERROR(AN36*AM36*AL36,"0") -> 0.90736658
C37: Morning | D37: Clamp | E37: 3000 | H37: 660 | I37: =IF(E37<>"",120,0) -> 120 | J37: =H37-AK37 -> 0 | M37: 660 | AK37: =SUM(K37:AJ37) -> 660 | AL37: =IFERROR(J37/H37,"0") -> 0 | AM37: =IFERROR(F37/E37,"0") -> 0 | AN37: =IFERROR(F37/(F37+G37),"0") -> 0 | AO37: =IFERROR(AN37*AM37*AL37,"0") -> 0
C38: Morning | D38: Rotor & Stator | E38: 2500 | H38: 660 | I38: =IF(E38<>"",120,0) -> 120 | J38: =H38-AK38 -> 0 | N38: 660 | AK38: =SUM(K38:AJ38) -> 660 | AL38: =IFERROR(J38/H38,"0") -> 0 | AM38: =IFERROR(F38/E38,"0") -> 0 | AN38: =IFERROR(F38/(F38+G38),"0") -> 0 | AO38: =IFERROR(AN38*AM38*AL38,"0") -> 0
C39: Morning | D39: Blade(5601) | E39: 2100 | F39: 2000 | H39: 660 | I39: =IF(E39<>"",120,0) -> 120 | J39: =H39-AK39 -> 630 | AC39: 30 | AK39: =SUM(K39:AJ39) -> 30 | AL39: =IFERROR(J39/H39,"0") -> 0.95454545 | AM39: =IFERROR(F39/E39,"0") -> 0.95238095 | AN39: =IFERROR(F39/(F39+G39),"0") -> 1 | AO39: =IFERROR(AN39*AM39*AL39,"0") -> 0.90909091
C40: Morning | D40: Downpipe | E40: 1550 | F40: 1500 | G40: 4 | H40: 660 | I40: =IF(E40<>"",120,0) -> 120 | J40: =H40-AK40 -> 635 | AA40: 25 | AK40: =SUM(K40:AJ40) -> 25 | AL40: =IFERROR(J40/H40,"0") -> 0.96212121 | AM40: =IFERROR(F40/E40,"0") -> 0.96774194 | AN40: =IFERROR(F40/(F40+G40),"0") -> 0.99734043 | AO40: =IFERROR(AN40*AM40*AL40,"0") -> 0.92860875
A41: =A36+1 -> 46030 | B41: =A41 -> 46030 | C41: Morning | D41: Shank | E41: 3500 | F41: 2516 | G41: 8 | H41: 660 | I41: =IF(E41<>"",120,0) -> 120 | J41: =H41-AK41 -> 475 | N41: 60 | S41: 30 | Y41: 20 | AC41: 30 | AG41: 45 | AK41: =SUM(K41:AJ41) -> 185 | AL41: =IFERROR(J41/H41,"0") -> 0.71969697 | AM41: =IFERROR(F41/E41,"0") -> 0.71885714 | AN41: =IFERROR(F41/(F41+G41),"0") -> 0.99683043 | AO41: =IFERROR(AN41*AM41*AL41,"0") -> 0.5157195
C42: Morning | D42: Clamp | E42: 3000 | F42: 2700 | G42: 4 | H42: 660 | I42: =IF(E42<>"",120,0) -> 120 | J42: =H42-AK42 -> 597 | AC42: 30 | AG42: 33 | AK42: =SUM(K42:AJ42) -> 63 | AL42: =IFERROR(J42/H42,"0") -> 0.90454545 | AM42: =IFERROR(F42/E42,"0") -> 0.9 | AN42: =IFERROR(F42/(F42+G42),"0") -> 0.99852071 | AO42: =IFERROR(AN42*AM42*AL42,"0") -> 0.81288663
C43: Morning | D43: Rotor & Stator | E43: 2500 | H43: 660 | I43: =IF(E43<>"",120,0) -> 120 | J43: =H43-AK43 -> 0 | N43: 660 | AK43: =SUM(K43:AJ43) -> 660 | AL43: =IFERROR(J43/H43,"0") -> 0 | AM43: =IFERROR(F43/E43,"0") -> 0 | AN43: =IFERROR(F43/(F43+G43),"0") -> 0 | AO43: =IFERROR(AN43*AM43*AL43,"0") -> 0
C44: Morning | D44: Blade(5601) | E44: 2100 | F44: 2000 | G44: 1 | H44: 660 | I44: =IF(E44<>"",120,0) -> 120 | J44: =H44-AK44 -> 630 | AC44: 30 | AK44: =SUM(K44:AJ44) -> 30 | AL44: =IFERROR(J44/H44,"0") -> 0.95454545 | AM44: =IFERROR(F44/E44,"0") -> 0.95238095 | AN44: =IFERROR(F44/(F44+G44),"0") -> 0.99950025 | AO44: =IFERROR(AN44*AM44*AL44,"0") -> 0.90863659
C45: Morning | D45: Downpipe | E45: 1550 | F45: 1500 | H45: 660 | I45: =IF(E45<>"",120,0) -> 120 | J45: =H45-AK45 -> 630 | AA45: 30 | AK45: =SUM(K45:AJ45) -> 30 | AL45: =IFERROR(J45/H45,"0") -> 0.95454545 | AM45: =IFERROR(F45/E45,"0") -> 0.96774194 | AN45: =IFERROR(F45/(F45+G45),"0") -> 1 | AO45: =IFERROR(AN45*AM45*AL45,"0") -> 0.92375367
A46: =A41+1 -> 46031 | B46: =A46 -> 46031 | C46: Morning | D46: Shank | H46: 660 | I46: =IF(E46<>"",120,0) -> 0 | J46: =H46-AK46 -> 660 | AK46: =SUM(K46:AJ46) -> 0 | AL46: =IFERROR(J46/H46,"0") -> 1 | AM46: =IFERROR(F46/E46,"0") -> 0 | AN46: =IFERROR(F46/(F46+G46),"0") -> 0 | AO46: =IFERROR(AN46*AM46*AL46,"0") -> 0
C47: Morning | D47: Clamp | H47: 660 | I47: =IF(E47<>"",120,0) -> 0 | J47: =H47-AK47 -> 660 | AK47: =SUM(K47:AJ47) -> 0 | AL47: =IFERROR(J47/H47,"0") -> 1 | AM47: =IFERROR(F47/E47,"0") -> 0 | AN47: =IFERROR(F47/(F47+G47),"0") -> 0 | AO47: =IFERROR(AN47*AM47*AL47,"0") -> 0
C48: Morning | D48: Rotor & Stator | H48: 660 | I48: =IF(E48<>"",120,0) -> 0 | J48: =H48-AK48 -> 660 | AK48: =SUM(K48:AJ48) -> 0 | AL48: =IFERROR(J48/H48,"0") -> 1 | AM48: =IFERROR(F48/E48,"0") -> 0 | AN48: =IFERROR(F48/(F48+G48),"0") -> 0 | AO48: =IFERROR(AN48*AM48*AL48,"0") -> 0
C49: Morning | D49: Blade(5601) | H49: 660 | I49: =IF(E49<>"",120,0) -> 0 | J49: =H49-AK49 -> 660 | AK49: =SUM(K49:AJ49) -> 0 | AL49: =IFERROR(J49/H49,"0") -> 1 | AM49: =IFERROR(F49/E49,"0") -> 0 | AN49: =IFERROR(F49/(F49+G49),"0") -> 0 | AO49: =IFERROR(AN49*AM49*AL49,"0") -> 0
C50: Morning | D50: Downpipe | H50: 660 | I50: =IF(E50<>"",120,0) -> 0 | J50: =H50-AK50 -> 660 | AK50: =SUM(K50:AJ50) -> 0 | AL50: =IFERROR(J50/H50,"0") -> 1 | AM50: =IFERROR(F50/E50,"0") -> 0 | AN50: =IFERROR(F50/(F50+G50),"0") -> 0 | AO50: =IFERROR(AN50*AM50*AL50,"0") -> 0
A51: =A46+1 -> 46032 | B51: =A51 -> 46032 | C51: Morning | D51: Shank | E51: 3500 | H51: 660 | I51: =IF(E51<>"",120,0) -> 120 | J51: =H51-AK51 -> 0 | M51: 660 | AK51: =SUM(K51:AJ51) -> 660 | AL51: =IFERROR(J51/H51,"0") -> 0 | AM51: =IFERROR(F51/E51,"0") -> 0 | AN51: =IFERROR(F51/(F51+G51),"0") -> 0 | AO51: =IFERROR(AN51*AM51*AL51,"0") -> 0
C52: Morning | D52: Clamp | E52: 3000 | F52: 700 | G52: 4 | H52: 660 | I52: =IF(E52<>"",120,0) -> 120 | J52: =H52-AK52 -> 154 | M52: 506 | AK52: =SUM(K52:AJ52) -> 506 | AL52: =IFERROR(J52/H52,"0") -> 0.23333333 | AM52: =IFERROR(F52/E52,"0") -> 0.23333333 | AN52: =IFERROR(F52/(F52+G52),"0") -> 0.99431818 | AO52: =IFERROR(AN52*AM52*AL52,"0") -> 0.054135101
C53: Morning | D53: Rotor & Stator | E53: 2500 | F53: 1626 | G53: 8 | H53: 660 | I53: =IF(E53<>"",120,0) -> 120 | J53: =H53-AK53 -> 430 | O53: 120 | S53: 50 | X53: 40 | AC53: 20 | AK53: =SUM(K53:AJ53) -> 230 | AL53: =IFERROR(J53/H53,"0") -> 0.65151515 | AM53: =IFERROR(F53/E53,"0") -> 0.6504 | AN53: =IFERROR(F53/(F53+G53),"0") -> 0.99510404 | AO53: =IFERROR(AN53*AM53*AL53,"0") -> 0.42167081
C54: Morning | D54: Blade(5602) | E54: 2100 | F54: 2000 | H54: 660 | I54: =IF(E54<>"",120,0) -> 120 | J54: =H54-AK54 -> 630 | AC54: 30 | AK54: =SUM(K54:AJ54) -> 30 | AL54: =IFERROR(J54/H54,"0") -> 0.95454545 | AM54: =IFERROR(F54/E54,"0") -> 0.95238095 | AN54: =IFERROR(F54/(F54+G54),"0") -> 1 | AO54: =IFERROR(AN54*AM54*AL54,"0") -> 0.90909091
C55: Morning | D55: Downpipe | E55: 1550 | F55: 1500 | H55: 660 | I55: =IF(E55<>"",120,0) -> 120 | J55: =H55-AK55 -> 635 | AA55: 25 | AK55: =SUM(K55:AJ55) -> 25 | AL55: =IFERROR(J55/H55,"0") -> 0.96212121 | AM55: =IFERROR(F55/E55,"0") -> 0.96774194 | AN55: =IFERROR(F55/(F55+G55),"0") -> 1 | AO55: =IFERROR(AN55*AM55*AL55,"0") -> 0.93108504
A56: =A51+1 -> 46033 | B56: =A56 -> 46033 | C56: Morning | D56: Shank | E56: 3500 | F56: 3410 | G56: 8 | H56: 660 | I56: =IF(E56<>"",120,0) -> 120 | J56: =H56-AK56 -> 640 | Y56: 20 | AK56: =SUM(K56:AJ56) -> 20 | AL56: =IFERROR(J56/H56,"0") -> 0.96969697 | AM56: =IFERROR(F56/E56,"0") -> 0.97428571 | AN56: =IFERROR(F56/(F56+G56),"0") -> 0.99765945 | AO56: =IFERROR(AN56*AM56*AL56,"0") -> 0.94255064
C57: Morning | D57: Clamp | E57: 3000 | F57: 1360 | G57: 2 | H57: 660 | I57: =IF(E57<>"",120,0) -> 120 | J57: =H57-AK57 -> 300 | M57: 330 | Y57: 30 | AK57: =SUM(K57:AJ57) -> 360 | AL57: =IFERROR(J57/H57,"0") -> 0.45454545 | AM57: =IFERROR(F57/E57,"0") -> 0.45333333 | AN57: =IFERROR(F57/(F57+G57),"0") -> 0.99853157 | AO57: =IFERROR(AN57*AM57*AL57,"0") -> 0.20575802
C58: Morning | D58: Rotor & Stator | E58: 2500 | F58: 1291 | H58: 660 | I58: =IF(E58<>"",120,0) -> 120 | J58: =H58-AK58 -> 340 | N58: 110 | S58: 120 | Y58: 60 | AC58: 30 | AK58: =SUM(K58:AJ58) -> 320 | AL58: =IFERROR(J58/H58,"0") -> 0.51515152 | AM58: =IFERROR(F58/E58,"0") -> 0.5164 | AN58: =IFERROR(F58/(F58+G58),"0") -> 1 | AO58: =IFERROR(AN58*AM58*AL58,"0") -> 0.26602424
C59: Morning | D59: Blade(5601) | E59: 2100 | F59: 2000 | H59: 660 | I59: =IF(E59<>"",120,0) -> 120 | J59: =H59-AK59 -> 630 | AC59: 30 | AK59: =SUM(K59:AJ59) -> 30 | AL59: =IFERROR(J59/H59,"0") -> 0.95454545 | AM59: =IFERROR(F59/E59,"0") -> 0.95238095 | AN59: =IFERROR(F59/(F59+G59),"0") -> 1 | AO59: =IFERROR(AN59*AM59*AL59,"0") -> 0.90909091
C60: Morning | D60: Downpipe | E60: 1550 | F60: 1000 | H60: 660 | I60: =IF(E60<>"",120,0) -> 120 | J60: =H60-AK60 -> 425 | M60: 180 | AA60: 55 | AK60: =SUM(K60:AJ60) -> 235 | AL60: =IFERROR(J60/H60,"0") -> 0.64393939 | AM60: =IFERROR(F60/E60,"0") -> 0.64516129 | AN60: =IFERROR(F60/(F60+G60),"0") -> 1 | AO60: =IFERROR(AN60*AM60*AL60,"0") -> 0.41544477
A61: =A56+1 -> 46034 | B61: =A61 -> 46034 | C61: Morning | D61: Shank | E61: 3500 | F61: 2466 | G61: 12 | H61: 660 | I61: =IF(E61<>"",120,0) -> 120 | J61: =H61-AK61 -> 465 | S61: 120 | Y61: 30 | AC61: 30 | AG61: 15 | AK61: =SUM(K61:AJ61) -> 195 | AL61: =IFERROR(J61/H61,"0") -> 0.70454545 | AM61: =IFERROR(F61/E61,"0") -> 0.70457143 | AN61: =IFERROR(F61/(F61+G61),"0") -> 0.99515738 | AO61: =IFERROR(AN61*AM61*AL61,"0") -> 0.49399871
C62: Morning | D62: Clamp | E62: 3000 | H62: 660 | I62: =IF(E62<>"",120,0) -> 120 | J62: =H62-AK62 -> 0 | M62: 660 | AK62: =SUM(K62:AJ62) -> 660 | AL62: =IFERROR(J62/H62,"0") -> 0 | AM62: =IFERROR(F62/E62,"0") -> 0 | AN62: =IFERROR(F62/(F62+G62),"0") -> 0 | AO62: =IFERROR(AN62*AM62*AL62,"0") -> 0
C63: Morning | D63: Rotor & Stator | E63: 2500 | F63: 1367 | G63: 4 | H63: 660 | I63: =IF(E63<>"",120,0) -> 120 | J63: =H63-AK63 -> 360 | N63: 240 | S63: 20 | Y63: 20 | AC63: 20 | AK63: =SUM(K63:AJ63) -> 300 | AL63: =IFERROR(J63/H63,"0") -> 0.54545455 | AM63: =IFERROR(F63/E63,"0") -> 0.5468 | AN63: =IFERROR(F63/(F63+G63),"0") -> 0.99708242 | AO63: =IFERROR(AN63*AM63*AL63,"0") -> 0.29738436
C64: Morning | D64: Blade(5601) | E64: 2100 | F64: 2000 | G64: 2 | H64: 660 | I64: =IF(E64<>"",120,0) -> 120 | J64: =H64-AK64 -> 630 | AC64: 30 | AK64: =SUM(K64:AJ64) -> 30 | AL64: =IFERROR(J64/H64,"0") -> 0.95454545 | AM64: =IFERROR(F64/E64,"0") -> 0.95238095 | AN64: =IFERROR(F64/(F64+G64),"0") -> 0.999001 | AO64: =IFERROR(AN64*AM64*AL64,"0") -> 0.90818273
C65: Morning | D65: Downpipe | E65: 1550 | F65: 1500 | H65: 660 | I65: =IF(E65<>"",120,0) -> 120 | J65: =H65-AK65 -> 640 | AC65: 20 | AK65: =SUM(K65:AJ65) -> 20 | AL65: =IFERROR(J65/H65,"0") -> 0.96969697 | AM65: =IFERROR(F65/E65,"0") -> 0.96774194 | AN65: =IFERROR(F65/(F65+G65),"0") -> 1 | AO65: =IFERROR(AN65*AM65*AL65,"0") -> 0.93841642
A66: =A61+1 -> 46035 | B66: =A66 -> 46035 | C66: Morning | D66: Shank | E66: 3500 | F66: 2373 | G66: 9 | H66: 660 | I66: =IF(E66<>"",120,0) -> 120 | J66: =H66-AK66 -> 450 | M66: 180 | Y66: 10 | AC66: 20 | AK66: =SUM(K66:AJ66) -> 210 | AL66: =IFERROR(J66/H66,"0") -> 0.68181818 | AM66: =IFERROR(F66/E66,"0") -> 0.678 | AN66: =IFERROR(F66/(F66+G66),"0") -> 0.99622166 | AO66: =IFERROR(AN66*AM66*AL66,"0") -> 0.4605261
C67: Morning | D67: Clamp | E67: 3000 | F67: 2200 | G67: 4 | H67: 660 | I67: =IF(E67<>"",120,0) -> 120 | J67: =H67-AK67 -> 485 | M67: 120 | Y67: 25 | AC67: 30 | AK67: =SUM(K67:AJ67) -> 175 | AL67: =IFERROR(J67/H67,"0") -> 0.73484848 | AM67: =IFERROR(F67/E67,"0") -> 0.73333333 | AN67: =IFERROR(F67/(F67+G67),"0") -> 0.99818512 | AO67: =IFERROR(AN67*AM67*AL67,"0") -> 0.53791087
C68: Morning | D68: Rotor & Stator(7") | E68: 2500 | F68: 778 | H68: 660 | I68: =IF(E68<>"",120,0) -> 120 | J68: =H68-AK68 -> 205 | M68: 360 | N68: 25 | S68: 20 | Y68: 20 | AC68: 30 | AK68: =SUM(K68:AJ68) -> 455 | AL68: =IFERROR(J68/H68,"0") -> 0.31060606 | AM68: =IFERROR(F68/E68,"0") -> 0.3112 | AN68: =IFERROR(F68/(F68+G68),"0") -> 1 | AO68: =IFERROR(AN68*AM68*AL68,"0") -> 0.096660606
C69: Morning | D69: Blade(5601) | E69: 2100 | F69: 2000 | H69: 660 | I69: =IF(E69<>"",120,0) -> 120 | J69: =H69-AK69 -> 630 | AC69: 30 | AK69: =SUM(K69:AJ69) -> 30 | AL69: =IFERROR(J69/H69,"0") -> 0.95454545 | AM69: =IFERROR(F69/E69,"0") -> 0.95238095 | AN69: =IFERROR(F69/(F69+G69),"0") -> 1 | AO69: =IFERROR(AN69*AM69*AL69,"0") -> 0.90909091
C70: Morning | D70: Downpipe | E70: 1550 | F70: 1400 | H70: 660 | I70: =IF(E70<>"",120,0) -> 120 | J70: =H70-AK70 -> 610 | AA70: 30 | AC70: 20 | AK70: =SUM(K70:AJ70) -> 50 | AL70: =IFERROR(J70/H70,"0") -> 0.92424242 | AM70: =IFERROR(F70/E70,"0") -> 0.90322581 | AN70: =IFERROR(F70/(F70+G70),"0") -> 1 | AO70: =IFERROR(AN70*AM70*AL70,"0") -> 0.83479961
A71: =A66+1 -> 46036 | B71: =A71 -> 46036 | C71: Morning | D71: Shank | E71: 3500 | F71: 2400 | G71: 6 | H71: 660 | I71: =IF(E71<>"",120,0) -> 120 | J71: =H71-AK71 -> 455 | M71: 180 | AC71: 25 | AK71: =SUM(K71:AJ71) -> 205 | AL71: =IFERROR(J71/H71,"0") -> 0.68939394 | AM71: =IFERROR(F71/E71,"0") -> 0.68571429 | AN71: =IFERROR(F71/(F71+G71),"0") -> 0.99750623 | AO71: =IFERROR(AN71*AM71*AL71,"0") -> 0.4715484
C72: Morning | D72: Clamp | E72: 3000 | F72: 2700 | H72: 660 | I72: =IF(E72<>"",120,0) -> 120 | J72: =H72-AK72 -> 525 | AA72: 120 | AC72: 15 | AK72: =SUM(K72:AJ72) -> 135 | AL72: =IFERROR(J72/H72,"0") -> 0.79545455 | AM72: =IFERROR(F72/E72,"0") -> 0.9 | AN72: =IFERROR(F72/(F72+G72),"0") -> 1 | AO72: =IFERROR(AN72*AM72*AL72,"0") -> 0.71590909
C73: Morning | D73: Rotor & Stator(7") | E73: 2500 | H73: 660 | I73: =IF(E73<>"",120,0) -> 120 | J73: =H73-AK73 -> 0 | N73: 660 | AK73: =SUM(K73:AJ73) -> 660 | AL73: =IFERROR(J73/H73,"0") -> 0 | AM73: =IFERROR(F73/E73,"0") -> 0 | AN73: =IFERROR(F73/(F73+G73),"0") -> 0 | AO73: =IFERROR(AN73*AM73*AL73,"0") -> 0
C74: Morning | D74: Blade | E74: 2100 | F74: 2000 | H74: 660 | I74: =IF(E74<>"",120,0) -> 120 | J74: =H74-AK74 -> 630 | AC74: 30 | AK74: =SUM(K74:AJ74) -> 30 | AL74: =IFERROR(J74/H74,"0") -> 0.95454545 | AM74: =IFERROR(F74/E74,"0") -> 0.95238095 | AN74: =IFERROR(F74/(F74+G74),"0") -> 1 | AO74: =IFERROR(AN74*AM74*AL74,"0") -> 0.90909091
C75: Morning | D75: Downpipe | E75: 1550 | F75: 1500 | H75: 660 | I75: =IF(E75<>"",120,0) -> 120 | J75: =H75-AK75 -> 640 | AC75: 20 | AK75: =SUM(K75:AJ75) -> 20 | AL75: =IFERROR(J75/H75,"0") -> 0.96969697 | AM75: =IFERROR(F75/E75,"0") -> 0.96774194 | AN75: =IFERROR(F75/(F75+G75),"0") -> 1 | AO75: =IFERROR(AN75*AM75*AL75,"0") -> 0.93841642
A76: =A71+1 -> 46037 | B76: =A76 -> 46037 | C76: Morning | D76: Shank | E76: 3500 | F76: 3366 | G76: 8 | H76: 660 | I76: =IF(E76<>"",120,0) -> 120 | J76: =H76-AK76 -> 635 | AC76: 25 | AK76: =SUM(K76:AJ76) -> 25 | AL76: =IFERROR(J76/H76,"0") -> 0.96212121 | AM76: =IFERROR(F76/E76,"0") -> 0.96171429 | AN76: =IFERROR(F76/(F76+G76),"0") -> 0.99762893 | AO76: =IFERROR(AN76*AM76*AL76,"0") -> 0.92309179
C77: Morning | D77: Clamp | E77: 3000 | F77: 2037 | G77: 2 | H77: 660 | I77: =IF(E77<>"",120,0) -> 120 | J77: =H77-AK77 -> 450 | M77: 180 | AC77: 30 | AK77: =SUM(K77:AJ77) -> 210 | AL77: =IFERROR(J77/H77,"0") -> 0.68181818 | AM77: =IFERROR(F77/E77,"0") -> 0.679 | AN77: =IFERROR(F77/(F77+G77),"0") -> 0.99901913 | AO77: =IFERROR(AN77*AM77*AL77,"0") -> 0.46250045
C78: Morning | D78: Rotor & Stator | E78: 2500 | F78: 1033 | G78: 4 | H78: 660 | I78: =IF(E78<>"",120,0) -> 120 | J78: =H78-AK78 -> 285 | M78: 300 | S78: 25 | Y78: 25 | AC78: 25 | AK78: =SUM(K78:AJ78) -> 375 | AL78: =IFERROR(J78/H78,"0") -> 0.43181818 | AM78: =IFERROR(F78/E78,"0") -> 0.4132 | AN78: =IFERROR(F78/(F78+G78),"0") -> 0.99614272 | AO78: =IFERROR(AN78*AM78*AL78,"0") -> 0.17773903
C79: Morning | D79: Blade(5601) | E79: 2100 | F79: 2000 | H79: 660 | I79: =IF(E79<>"",120,0) -> 120 | J79: =H79-AK79 -> 630 | AC79: 30 | AK79: =SUM(K79:AJ79) -> 30 | AL79: =IFERROR(J79/H79,"0") -> 0.95454545 | AM79: =IFERROR(F79/E79,"0") -> 0.95238095 | AN79: =IFERROR(F79/(F79+G79),"0") -> 1 | AO79: =IFERROR(AN79*AM79*AL79,"0") -> 0.90909091
C80: Morning | D80: Downpipe | E80: 1550 | F80: 1500 | G80: 1 | H80: 660 | I80: =IF(E80<>"",120,0) -> 120 | J80: =H80-AK80 -> 640 | AC80: 20 | AK80: =SUM(K80:AJ80) -> 20 | AL80: =IFERROR(J80/H80,"0") -> 0.96969697 | AM80: =IFERROR(F80/E80,"0") -> 0.96774194 | AN80: =IFERROR(F80/(F80+G80),"0") -> 0.99933378 | AO80: =IFERROR(AN80*AM80*AL80,"0") -> 0.93779123
A81: =A76+1 -> 46038 | B81: =A81 -> 46038 | C81: Morning | D81: Shank | E81: 3500 | H81: 660 | I81: =IF(E81<>"",120,0) -> 120 | J81: =H81-AK81 -> 0 | M81: 660 | AK81: =SUM(K81:AJ81) -> 660 | AL81: =IFERROR(J81/H81,"0") -> 0 | AM81: =IFERROR(F81/E81,"0") -> 0 | AN81: =IFERROR(F81/(F81+G81),"0") -> 0 | AO81: =IFERROR(AN81*AM81*AL81,"0") -> 0
C82: Morning | D82: Clamp | E82: 3000 | H82: 660 | I82: =IF(E82<>"",120,0) -> 120 | J82: =H82-AK82 -> 0 | M82: 660 | AK82: =SUM(K82:AJ82) -> 660 | AL82: =IFERROR(J82/H82,"0") -> 0 | AM82: =IFERROR(F82/E82,"0") -> 0 | AN82: =IFERROR(F82/(F82+G82),"0") -> 0 | AO82: =IFERROR(AN82*AM82*AL82,"0") -> 0
C83: Morning | D83: Rotor & Stator | E83: 2500 | F83: 1173 | G83: 2 | H83: 660 | I83: =IF(E83<>"",120,0) -> 120 | J83: =H83-AK83 -> 310 | M83: 180 | N83: 65 | S83: 30 | Y83: 30 | AC83: 45 | AK83: =SUM(K83:AJ83) -> 350 | AL83: =IFERROR(J83/H83,"0") -> 0.46969697 | AM83: =IFERROR(F83/E83,"0") -> 0.4692 | AN83: =IFERROR(F83/(F83+G83),"0") -> 0.99829787 | AO83: =IFERROR(AN83*AM83*AL83,"0") -> 0.2200067
C84: Morning | D84: Blade(5601) | E84: 2100 | F84: 1500 | G84: 1 | H84: 660 | I84: =IF(E84<>"",120,0) -> 120 | J84: =H84-AK84 -> 465 | M84: 180 | AC84: 15 | AK84: =SUM(K84:AJ84) -> 195 | AL84: =IFERROR(J84/H84,"0") -> 0.70454545 | AM84: =IFERROR(F84/E84,"0") -> 0.71428571 | AN84: =IFERROR(F84/(F84+G84),"0") -> 0.99933378 | AO84: =IFERROR(AN84*AM84*AL84,"0") -> 0.50291148
C85: Morning | D85: Downpipe | E85: 1550 | F85: 1000 | G85: 2 | H85: 660 | I85: =IF(E85<>"",120,0) -> 120 | J85: =H85-AK85 -> 425 | M85: 180 | AA85: 30 | AC85: 25 | AK85: =SUM(K85:AJ85) -> 235 | AL85: =IFERROR(J85/H85,"0") -> 0.64393939 | AM85: =IFERROR(F85/E85,"0") -> 0.64516129 | AN85: =IFERROR(F85/(F85+G85),"0") -> 0.99800399 | AO85: =IFERROR(AN85*AM85*AL85,"0") -> 0.41461554
A86: =A81+1 -> 46039 | B86: =A86 -> 46039 | C86: Morning | D86: Shank | E86: 3500 | F86: 2160 | G86: 8 | H86: 660 | I86: =IF(E86<>"",120,0) -> 120 | J86: =H86-AK86 -> 410 | M86: 180 | S86: 20 | Y86: 20 | AA86: 30 | AK86: =SUM(K86:AJ86) -> 250 | AL86: =IFERROR(J86/H86,"0") -> 0.62121212 | AM86: =IFERROR(F86/E86,"0") -> 0.61714286 | AN86: =IFERROR(F86/(F86+G86),"0") -> 0.99630996 | AO86: =IFERROR(AN86*AM86*AL86,"0") -> 0.38196195
C87: Morning | D87: Clamp | E87: 3000 | H87: 660 | I87: =IF(E87<>"",120,0) -> 120 | J87: =H87-AK87 -> 0 | M87: 660 | AK87: =SUM(K87:AJ87) -> 660 | AL87: =IFERROR(J87/H87,"0") -> 0 | AM87: =IFERROR(F87/E87,"0") -> 0 | AN87: =IFERROR(F87/(F87+G87),"0") -> 0 | AO87: =IFERROR(AN87*AM87*AL87,"0") -> 0
C88: Morning | D88: Rotor & Stator | E88: 2500 | F88: 1324 | G88: 6 | H88: 660 | I88: =IF(E88<>"",120,0) -> 120 | J88: =H88-AK88 -> 350 | M88: 180 | S88: 50 | Y88: 50 | AC88: 30 | AK88: =SUM(K88:AJ88) -> 310 | AL88: =IFERROR(J88/H88,"0") -> 0.53030303 | AM88: =IFERROR(F88/E88,"0") -> 0.5296 | AN88: =IFERROR(F88/(F88+G88),"0") -> 0.99548872 | AO88: =IFERROR(AN88*AM88*AL88,"0") -> 0.2795815
C89: Morning | D89: Blade(5601) | E89: 2100 | F89: 2000 | H89: 660 | I89: =IF(E89<>"",120,0) -> 120 | J89: =H89-AK89 -> 630 | AC89: 30 | AK89: =SUM(K89:AJ89) -> 30 | AL89: =IFERROR(J89/H89,"0") -> 0.95454545 | AM89: =IFERROR(F89/E89,"0") -> 0.95238095 | AN89: =IFERROR(F89/(F89+G89),"0") -> 1 | AO89: =IFERROR(AN89*AM89*AL89,"0") -> 0.90909091
C90: Morning | D90: Downpipe | E90: 1550 | F90: 1500 | H90: 660 | I90: =IF(E90<>"",120,0) -> 120 | J90: =H90-AK90 -> 640 | AC90: 20 | AK90: =SUM(K90:AJ90) -> 20 | AL90: =IFERROR(J90/H90,"0") -> 0.96969697 | AM90: =IFERROR(F90/E90,"0") -> 0.96774194 | AN90: =IFERROR(F90/(F90+G90),"0") -> 1 | AO90: =IFERROR(AN90*AM90*AL90,"0") -> 0.93841642
A91: =A86+1 -> 46040 | B91: =A91 -> 46040 | C91: Morning | D91: Shank | E91: 3500 | F91: 1873 | G91: 6 | H91: 660 | I91: =IF(E91<>"",120,0) -> 120 | J91: =H91-AK91 -> 360 | M91: 240 | S91: 20 | Y91: 10 | AC91: 30 | AK91: =SUM(K91:AJ91) -> 300 | AL91: =IFERROR(J91/H91,"0") -> 0.54545455 | AM91: =IFERROR(F91/E91,"0") -> 0.53514286 | AN91: =IFERROR(F91/(F91+G91),"0") -> 0.99680681 | AO91: =IFERROR(AN91*AM91*AL91,"0") -> 0.29096402
C92: Morning | D92: Clamp | E92: 3000 | F92: 800 | H92: 660 | I92: =IF(E92<>"",120,0) -> 120 | J92: =H92-AK92 -> 180 | M92: 450 | AC92: 30 | AK92: =SUM(K92:AJ92) -> 480 | AL92: =IFERROR(J92/H92,"0") -> 0.27272727 | AM92: =IFERROR(F92/E92,"0") -> 0.26666667 | AN92: =IFERROR(F92/(F92+G92),"0") -> 1 | AO92: =IFERROR(AN92*AM92*AL92,"0") -> 0.072727273
C93: Morning | D93: Rotor & Stator | E93: 2500 | H93: 660 | I93: =IF(E93<>"",120,0) -> 120 | J93: =H93-AK93 -> -30 | N93: 660 | AC93: 30 | AK93: =SUM(K93:AJ93) -> 690 | AL93: =IFERROR(J93/H93,"0") -> -0.045454545 | AM93: =IFERROR(F93/E93,"0") -> 0 | AN93: =IFERROR(F93/(F93+G93),"0") -> 0 | AO93: =IFERROR(AN93*AM93*AL93,"0") -> 0
C94: Morning | D94: Blade(5601) | E94: 2100 | F94: 2000 | H94: 660 | I94: =IF(E94<>"",120,0) -> 120 | J94: =H94-AK94 -> 640 | AC94: 20 | AK94: =SUM(K94:AJ94) -> 20 | AL94: =IFERROR(J94/H94,"0") -> 0.96969697 | AM94: =IFERROR(F94/E94,"0") -> 0.95238095 | AN94: =IFERROR(F94/(F94+G94),"0") -> 1 | AO94: =IFERROR(AN94*AM94*AL94,"0") -> 0.92352092
C95: Morning | D95: Downpipe | E95: 1550 | F95: 1500 | H95: 660 | I95: =IF(E95<>"",120,0) -> 120 | J95: =H95-AK95 -> 640 | AC95: 20 | AK95: =SUM(K95:AJ95) -> 20 | AL95: =IFERROR(J95/H95,"0") -> 0.96969697 | AM95: =IFERROR(F95/E95,"0") -> 0.96774194 | AN95: =IFERROR(F95/(F95+G95),"0") -> 1 | AO95: =IFERROR(AN95*AM95*AL95,"0") -> 0.93841642
A96: =A91+1 -> 46041 | B96: =A96 -> 46041 | C96: Morning | D96: Shank | E96: 3500 | F96: 3000 | H96: 660 | I96: =IF(E96<>"",120,0) -> 120 | J96: =H96-AK96 -> 565 | S96: 45 | Y96: 20 | AC96: 30 | AK96: =SUM(K96:AJ96) -> 95 | AL96: =IFERROR(J96/H96,"0") -> 0.85606061 | AM96: =IFERROR(F96/E96,"0") -> 0.85714286 | AN96: =IFERROR(F96/(F96+G96),"0") -> 1 | AO96: =IFERROR(AN96*AM96*AL96,"0") -> 0.73376623
C97: Morning | D97: Clamp | E97: 3000 | H97: 660 | I97: =IF(E97<>"",120,0) -> 120 | J97: =H97-AK97 -> 0 | M97: 660 | AK97: =SUM(K97:AJ97) -> 660 | AL97: =IFERROR(J97/H97,"0") -> 0 | AM97: =IFERROR(F97/E97,"0") -> 0 | AN97: =IFERROR(F97/(F97+G97),"0") -> 0 | AO97: =IFERROR(AN97*AM97*AL97,"0") -> 0
C98: Morning | D98: Rotor & Stator | E98: 2500 | H98: 660 | I98: =IF(E98<>"",120,0) -> 120 | J98: =H98-AK98 -> 0 | N98: 660 | AK98: =SUM(K98:AJ98) -> 660 | AL98: =IFERROR(J98/H98,"0") -> 0 | AM98: =IFERROR(F98/E98,"0") -> 0 | AN98: =IFERROR(F98/(F98+G98),"0") -> 0 | AO98: =IFERROR(AN98*AM98*AL98,"0") -> 0
C99: Morning | D99: Blade(5601) | E99: 2100 | F99: 2000 | H99: 660 | I99: =IF(E99<>"",120,0) -> 120 | J99: =H99-AK99 -> 630 | AC99: 30 | AK99: =SUM(K99:AJ99) -> 30 | AL99: =IFERROR(J99/H99,"0") -> 0.95454545 | AM99: =IFERROR(F99/E99,"0") -> 0.95238095 | AN99: =IFERROR(F99/(F99+G99),"0") -> 1 | AO99: =IFERROR(AN99*AM99*AL99,"0") -> 0.90909091
C100: Morning | D100: Downpipe | E100: 1550 | F100: 1500 | H100: 660 | I100: =IF(E100<>"",120,0) -> 120 | J100: =H100-AK100 -> 640 | AC100: 20 | AK100: =SUM(K100:AJ100) -> 20 | AL100: =IFERROR(J100/H100,"0") -> 0.96969697 | AM100: =IFERROR(F100/E100,"0") -> 0.96774194 | AN100: =IFERROR(F100/(F100+G100),"0") -> 1 | AO100: =IFERROR(AN100*AM100*AL100,"0") -> 0.93841642
...

Sheet Fan Auto Die Casting
A1: MEP FAN LTD.
A2: Production Performance Analysis Report
A3: ="Fan Auto Die Casting ("&TEXT('Fan Lathe'!AM3,"mmmm yyyy")&")" -> Fan Auto Die Casting (January 2026) | AM3: ='Fan Lathe'!AM3 -> 46023 | AN3: 45658 | AO3: 45689 | AP3: 45717 | AQ3: 45748 | AR3: 45778 | AS3: 45809 | AT3: 45839 | AU3: 45870 | AV3: 45901 | AW3: 45931 | AX3: 45962 | AY3: 45992
K4: 10 | L4: 11 | M4: 12 | N4: 13 | O4: 14 | P4: 15 | Q4: 16 | R4: 17 | S4: 18 | T4: 19 | U4: 20 | V4: 21 | W4: 22 | X4: 23 | Y4: 24 | Z4: 25 | AA4: 26 | AB4: 27 | AC4: 28 | AD4: 29 | AE4: 30 | AF4: 31 | AG4: 32
A5: Date | B5: Day | C5: Shift | D5: Machine Name | E5: Machine Capacity (Pcs) | F5: Actual Prd. (Pcs) | G5: Rejection (Pcs) | H5: Planned Prd. Time (Min) | I5: Expected DownTime (Min) | J5: Total Prd. Run Time (Min) | K5: Heater/Coil Problem | L5: Power Shutdown | M5: Machine Breakdown | N5: Die/ Mold Problem | O5: Model/ Die Change | P5: Air Presser Problem | Q5: Water line Problem | R5: Lift Problem | S5: D Coil Insert | T5: RM Shortage | U5: Crean Problem | V5: Worker Absent | W5: Printer M/C Problem | X5: UPS shutdown | Y5: Load Problem | Z5: Namaz | AA5: Conveyor Belt Problem | AB5: Fitting Problem | AC5: Gas Presser Problem | AD5: Mold polish & Clean | AE5: Alu. Ash Extraction | AF5: Robot Problems | AG5: Alu. Recipe Problem | AH5: Total Down Time (Mins) | AI5: Availability (%) | AJ5: Performance (%) | AK5: Quality (%) | AL5: OEE (%) | AM5: Remarks
A6: =AM3 -> 46023 | B6: =A6 -> 46023 | C6: Morning | D6: Auto Die Casting (Body) | E6: 3200 | F6: 1283 | G6: 22 | H6: 1440 | I6: =IF(E6<>"",180,0) -> 180 | J6: =H6-AH6 -> 580 | M6: 720 | P6: 10 | AD6: 10 | AG6: 120 | AH6: =SUM(K6:AG6) -> 860 | AI6: =IFERROR(J6/H6,"0") -> 0.40277778 | AJ6: =IFERROR(F6/E6,"0") -> 0.4009375 | AK6: =IFERROR(F6/(F6+G6),"0") -> 0.98314176 | AL6: =IFERROR(AK6*AJ6*AI6,"0") -> 0.1587663
C7: Morning | D7: Auto Die Casting (Cover) | E7: 3200 | F7: 1476 | G7: 12 | H7: 1440 | I7: =IF(E7<>"",180,0) -> 180 | J7: =H7-AH7 -> 580 | M7: 720 | P7: 10 | AD7: 10 | AG7: 120 | AH7: =SUM(K7:AG7) -> 860 | AI7: =IFERROR(J7/H7,"0") -> 0.40277778 | AJ7: =IFERROR(F7/E7,"0") -> 0.46125 | AK7: =IFERROR(F7/(F7+G7),"0") -> 0.99193548 | AL7: =IFERROR(AK7*AJ7*AI7,"0") -> 0.18428301
A8: =A6+1 -> 46024 | B8: =A8 -> 46024 | C8: Morning | D8: Auto Die Casting (Body) | E8: 3200 | F8: 1487 | G8: 23 | H8: 1440 | I8: =IF(E8<>"",180,0) -> 180 | J8: =H8-AH8 -> 670 | M8: 720 | N8: 50 | AH8: =SUM(K8:AG8) -> 770 | AI8: =IFERROR(J8/H8,"0") -> 0.46527778 | AJ8: =IFERROR(F8/E8,"0") -> 0.4646875 | AK8: =IFERROR(F8/(F8+G8),"0") -> 0.98476821 | AL8: =IFERROR(AK8*AJ8*AI8,"0") -> 0.21291552
C9: Morning | D9: Auto Die Casting (Cover) | E9: 3200 | F9: 1552 | G9: 6 | H9: 1440 | I9: =IF(E9<>"",180,0) -> 180 | J9: =H9-AH9 -> 670 | M9: 720 | N9: 50 | AH9: =SUM(K9:AG9) -> 770 | AI9: =IFERROR(J9/H9,"0") -> 0.46527778 | AJ9: =IFERROR(F9/E9,"0") -> 0.485 | AK9: =IFERROR(F9/(F9+G9),"0") -> 0.99614891 | AL9: =IFERROR(AK9*AJ9*AI9,"0") -> 0.22479069
A10: =A8+1 -> 46025 | B10: =A10 -> 46025 | C10: Morning | D10: Auto Die Casting (Body) | E10: 3200 | F10: 1323 | G10: 40 | H10: 1440 | I10: =IF(E10<>"",180,0) -> 180 | J10: =H10-AH10 -> 660 | M10: 720 | Q10: 60 | AH10: =SUM(K10:AG10) -> 780 | AI10: =IFERROR(J10/H10,"0") -> 0.45833333 | AJ10: =IFERROR(F10/E10,"0") -> 0.4134375 | AK10: =IFERROR(F10/(F10+G10),"0") -> 0.97065297 | AL10: =IFERROR(AK10*AJ10*AI10,"0") -> 0.18393115
C11: Morning | D11: Auto Die Casting (Cover) | E11: 3200 | F11: 1550 | G11: 12 | H11: 1440 | I11: =IF(E11<>"",180,0) -> 180 | J11: =H11-AH11 -> 660 | M11: 720 | Q11: 60 | AH11: =SUM(K11:AG11) -> 780 | AI11: =IFERROR(J11/H11,"0") -> 0.45833333 | AJ11: =IFERROR(F11/E11,"0") -> 0.484375 | AK11: =IFERROR(F11/(F11+G11),"0") -> 0.99231754 | AL11: =IFERROR(AK11*AJ11*AI11,"0") -> 0.22029966
A12: =A10+1 -> 46026 | B12: =A12 -> 46026 | C12: Morning | D12: Auto Die Casting (Body) | E12: 3200 | F12: 1349 | G12: 9 | H12: 1440 | I12: =IF(E12<>"",180,0) -> 180 | J12: =H12-AH12 -> 650 | K12: 70 | M12: 720 | AH12: =SUM(K12:AG12) -> 790 | AI12: =IFERROR(J12/H12,"0") -> 0.45138889 | AJ12: =IFERROR(F12/E12,"0") -> 0.4215625 | AK12: =IFERROR(F12/(F12+G12),"0") -> 0.99337261 | AL12: =IFERROR(AK12*AJ12*AI12,"0") -> 0.18902751
C13: Morning | D13: Auto Die Casting (Cover) | E13: 3200 | F13: 1600 | G13: 7 | H13: 1440 | I13: =IF(E13<>"",180,0) -> 180 | J13: =H13-AH13 -> 650 | K13: 70 | M13: 720 | AH13: =SUM(K13:AG13) -> 790 | AI13: =IFERROR(J13/H13,"0") -> 0.45138889 | AJ13: =IFERROR(F13/E13,"0") -> 0.5 | AK13: =IFERROR(F13/(F13+G13),"0") -> 0.99564406 | AL13: =IFERROR(AK13*AJ13*AI13,"0") -> 0.22471133
A14: =A12+1 -> 46027 | B14: =A14 -> 46027 | C14: Morning | D14: Auto Die Casting (Body) | E14: 3200 | F14: 1550 | G14: 5 | H14: 1440 | I14: =IF(E14<>"",180,0) -> 180 | J14: =H14-AH14 -> 695 | L14: 15 | M14: 720 | P14: 10 | AH14: =SUM(K14:AG14) -> 745 | AI14: =IFERROR(J14/H14,"0") -> 0.48263889 | AJ14: =IFERROR(F14/E14,"0") -> 0.484375 | AK14: =IFERROR(F14/(F14+G14),"0") -> 0.99678457 | AL14: =IFERROR(AK14*AJ14*AI14,"0") -> 0.23302651
C15: Morning | D15: Auto Die Casting (Cover) | E15: 3200 | F15: 1550 | G15: 3 | H15: 1440 | I15: =IF(E15<>"",180,0) -> 180 | J15: =H15-AH15 -> 695 | L15: 15 | M15: 720 | P15: 10 | AH15: =SUM(K15:AG15) -> 745 | AI15: =IFERROR(J15/H15,"0") -> 0.48263889 | AJ15: =IFERROR(F15/E15,"0") -> 0.484375 | AK15: =IFERROR(F15/(F15+G15),"0") -> 0.99806825 | AL15: =IFERROR(AK15*AJ15*AI15,"0") -> 0.23332661
A16: =A14+1 -> 46028 | B16: =A16 -> 46028 | C16: Morning | D16: Auto Die Casting (Body) | E16: 3200 | F16: 1570 | G16: 16 | H16: 1440 | I16: =IF(E16<>"",180,0) -> 180 | J16: =H16-AH16 -> 710 | M16: 720 | P16: 10 | AH16: =SUM(K16:AG16) -> 730 | AI16: =IFERROR(J16/H16,"0") -> 0.49305556 | AJ16: =IFERROR(F16/E16,"0") -> 0.490625 | AK16: =IFERROR(F16/(F16+G16),"0") -> 0.98991173 | AL16: =IFERROR(AK16*AJ16*AI16,"0") -> 0.23946497
C17: Morning | D17: Auto Die Casting (Cover) | E17: 3200 | F17: 1570 | G17: 12 | H17: 1440 | I17: =IF(E17<>"",180,0) -> 180 | J17: =H17-AH17 -> 710 | M17: 720 | P17: 10 | AH17: =SUM(K17:AG17) -> 730 | AI17: =IFERROR(J17/H17,"0") -> 0.49305556 | AJ17: =IFERROR(F17/E17,"0") -> 0.490625 | AK17: =IFERROR(F17/(F17+G17),"0") -> 0.99241466 | AL17: =IFERROR(AK17*AJ17*AI17,"0") -> 0.24007045
A18: =A16+1 -> 46029 | B18: =A18 -> 46029 | C18: Morning | D18: Auto Die Casting (Body) | E18: 3200 | F18: 1500 | G18: 11 | H18: 1440 | I18: 180 | J18: =H18-AH18 -> 690 | M18: 720 | Q18: 30 | AH18: =SUM(K18:AG18) -> 750 | AI18: =IFERROR(J18/H18,"0") -> 0.47916667 | AJ18: =IFERROR(F18/E18,"0") -> 0.46875 | AK18: =IFERROR(F18/(F18+G18),"0") -> 0.99272005 | AL18: =IFERROR(AK18*AJ18*AI18,"0") -> 0.22297423
C19: Morning | D19: Auto Die Casting (Cover) | E19: 3200 | F19: 1550 | G19: 6 | H19: 1440 | I19: 180 | J19: =H19-AH19 -> 690 | M19: 720 | Q19: 30 | AH19: =SUM(K19:AG19) -> 750 | AI19: =IFERROR(J19/H19,"0") -> 0.47916667 | AJ19: =IFERROR(F19/E19,"0") -> 0.484375 | AK19: =IFERROR(F19/(F19+G19),"0") -> 0.99614396 | AL19: =IFERROR(AK19*AJ19*AI19,"0") -> 0.23120138
A20: =A18+1 -> 46030 | B20: =A20 -> 46030 | C20: Morning | D20: Auto Die Casting (Body) | E20: 3200 | F20: 1500 | G20: 7 | H20: 1440 | I20: =IF(E20<>"",180,0) -> 180 | J20: =H20-AH20 -> 690 | M20: 720 | N20: 30 | AH20: =SUM(K20:AG20) -> 750 | AI20: =IFERROR(J20/H20,"0") -> 0.47916667 | AJ20: =IFERROR(F20/E20,"0") -> 0.46875 | AK20: =IFERROR(F20/(F20+G20),"0") -> 0.99535501 | AL20: =IFERROR(AK20*AJ20*AI20,"0") -> 0.22356607
C21: Morning | D21: Auto Die Casting (Cover) | E21: 3200 | F21: 1550 | G21: 9 | H21: 1440 | I21: =IF(E21<>"",180,0) -> 180 | J21: =H21-AH21 -> 690 | M21: 720 | N21: 30 | AH21: =SUM(K21:AG21) -> 750 | AI21: =IFERROR(J21/H21,"0") -> 0.47916667 | AJ21: =IFERROR(F21/E21,"0") -> 0.484375 | AK21: =IFERROR(F21/(F21+G21),"0") -> 0.99422707 | AL21: =IFERROR(AK21*AJ21*AI21,"0") -> 0.23075648
A22: =A20+1 -> 46031 | B22: =A22 -> 46031 | C22: Morning | D22: Auto Die Casting (Body) | I22: =IF(E22<>"",180,0) -> 0 | J22: =H22-AH22 -> 0 | AH22: =SUM(K22:AG22) -> 0 | AI22: =IFERROR(J22/H22,"0") -> 0 | AJ22: =IFERROR(F22/E22,"0") -> 0 | AK22: =IFERROR(F22/(F22+G22),"0") -> 0 | AL22: =IFERROR(AK22*AJ22*AI22,"0") -> 0
C23: Morning | D23: Auto Die Casting (Cover) | I23: =IF(E23<>"",180,0) -> 0 | J23: =H23-AH23 -> 0 | AH23: =SUM(K23:AG23) -> 0 | AI23: =IFERROR(J23/H23,"0") -> 0 | AJ23: =IFERROR(F23/E23,"0") -> 0 | AK23: =IFERROR(F23/(F23+G23),"0") -> 0 | AL23: =IFERROR(AK23*AJ23*AI23,"0") -> 0
A24: =A22+1 -> 46032 | B24: =A24 -> 46032 | C24: Morning | D24: Auto Die Casting (Body) | E24: 3200 | F24: 1600 | G24: 12 | H24: 1440 | I24: =IF(E24<>"",180,0) -> 180 | J24: =H24-AH24 -> 720 | M24: 720 | AH24: =SUM(K24:AG24) -> 720 | AI24: =IFERROR(J24/H24,"0") -> 0.5 | AJ24: =IFERROR(F24/E24,"0") -> 0.5 | AK24: =IFERROR(F24/(F24+G24),"0") -> 0.99255583 | AL24: =IFERROR(AK24*AJ24*AI24,"0") -> 0.24813896
C25: Morning | D25: Auto Die Casting (Cover) | E25: 3200 | F25: 1600 | G25: 7 | H25: 1440 | I25: =IF(E25<>"",180,0) -> 180 | J25: =H25-AH25 -> 720 | M25: 720 | AH25: =SUM(K25:AG25) -> 720 | AI25: =IFERROR(J25/H25,"0") -> 0.5 | AJ25: =IFERROR(F25/E25,"0") -> 0.5 | AK25: =IFERROR(F25/(F25+G25),"0") -> 0.99564406 | AL25: =IFERROR(AK25*AJ25*AI25,"0") -> 0.24891101
A26: =A24+1 -> 46033 | B26: =A26 -> 46033 | C26: Morning | D26: Auto Die Casting (Body) | E26: 3200 | F26: 1600 | G26: 9 | H26: 1440 | I26: =IF(E26<>"",180,0) -> 180 | J26: =H26-AH26 -> 720 | M26: 720 | AH26: =SUM(K26:AG26) -> 720 | AI26: =IFERROR(J26/H26,"0") -> 0.5 | AJ26: =IFERROR(F26/E26,"0") -> 0.5 | AK26: =IFERROR(F26/(F26+G26),"0") -> 0.99440646 | AL26: =IFERROR(AK26*AJ26*AI26,"0") -> 0.24860162
C27: Morning | D27: Auto Die Casting (Cover) | E27: 3200 | F27: 1600 | G27: 5 | H27: 1440 | I27: =IF(E27<>"",180,0) -> 180 | J27: =H27-AH27 -> 720 | M27: 720 | AH27: =SUM(K27:AG27) -> 720 | AI27: =IFERROR(J27/H27,"0") -> 0.5 | AJ27: =IFERROR(F27/E27,"0") -> 0.5 | AK27: =IFERROR(F27/(F27+G27),"0") -> 0.99688474 | AL27: =IFERROR(AK27*AJ27*AI27,"0") -> 0.24922118
A28: =A26+1 -> 46034 | B28: =A28 -> 46034 | C28: Morning | D28: Auto Die Casting (Body) | E28: 3200 | F28: 1571 | G28: 30 | H28: 1440 | I28: =IF(E28<>"",180,0) -> 180 | J28: =H28-AH28 -> 720 | M28: 720 | AH28: =SUM(K28:AG28) -> 720 | AI28: =IFERROR(J28/H28,"0") -> 0.5 | AJ28: =IFERROR(F28/E28,"0") -> 0.4909375 | AK28: =IFERROR(F28/(F28+G28),"0") -> 0.98126171 | AL28: =IFERROR(AK28*AJ28*AI28,"0") -> 0.24086909
C29: Morning | D29: Auto Die Casting (Cover) | E29: 3200 | F29: 1600 | G29: 12 | H29: 1440 | I29: =IF(E29<>"",180,0) -> 180 | J29: =H29-AH29 -> 720 | M29: 720 | AH29: =SUM(K29:AG29) -> 720 | AI29: =IFERROR(J29/H29,"0") -> 0.5 | AJ29: =IFERROR(F29/E29,"0") -> 0.5 | AK29: =IFERROR(F29/(F29+G29),"0") -> 0.99255583 | AL29: =IFERROR(AK29*AJ29*AI29,"0") -> 0.24813896
A30: =A28+1 -> 46035 | B30: =A30 -> 46035 | C30: Morning | D30: Auto Die Casting (Body) | E30: 3200 | F30: 1600 | G30: 18 | H30: 1440 | I30: =IF(E30<>"",180,0) -> 180 | J30: =H30-AH30 -> 720 | M30: 720 | AH30: =SUM(K30:AG30) -> 720 | AI30: =IFERROR(J30/H30,"0") -> 0.5 | AJ30: =IFERROR(F30/E30,"0") -> 0.5 | AK30: =IFERROR(F30/(F30+G30),"0") -> 0.98887515 | AL30: =IFERROR(AK30*AJ30*AI30,"0") -> 0.24721879
C31: Morning | D31: Auto Die Casting (Cover) | E31: 3200 | F31: 1600 | G31: 8 | H31: 1440 | I31: =IF(E31<>"",180,0) -> 180 | J31: =H31-AH31 -> 720 | M31: 720 | AH31: =SUM(K31:AG31) -> 720 | AI31: =IFERROR(J31/H31,"0") -> 0.5 | AJ31: =IFERROR(F31/E31,"0") -> 0.5 | AK31: =IFERROR(F31/(F31+G31),"0") -> 0.99502488 | AL31: =IFERROR(AK31*AJ31*AI31,"0") -> 0.24875622
A32: =A30+1 -> 46036 | B32: =A32 -> 46036 | C32: Morning | D32: Auto Die Casting (Body) | E32: 3200 | F32: 1500 | G32: 11 | H32: 1440 | I32: =IF(E32<>"",180,0) -> 180 | J32: =H32-AH32 -> 675 | M32: 720 | AD32: 45 | AH32: =SUM(K32:AG32) -> 765 | AI32: =IFERROR(J32/H32,"0") -> 0.46875 | AJ32: =IFERROR(F32/E32,"0") -> 0.46875 | AK32: =IFERROR(F32/(F32+G32),"0") -> 0.99272005 | AL32: =IFERROR(AK32*AJ32*AI32,"0") -> 0.21812696
C33: Morning | D33: Auto Die Casting (Cover) | E33: 3200 | F33: 1500 | G33: 6 | H33: 1440 | I33: =IF(E33<>"",180,0) -> 180 | J33: =H33-AH33 -> 675 | M33: 720 | AD33: 45 | AH33: =SUM(K33:AG33) -> 765 | AI33: =IFERROR(J33/H33,"0") -> 0.46875 | AJ33: =IFERROR(F33/E33,"0") -> 0.46875 | AK33: =IFERROR(F33/(F33+G33),"0") -> 0.99601594 | AL33: =IFERROR(AK33*AJ33*AI33,"0") -> 0.21885116
A34: =A32+1 -> 46037 | B34: =A34 -> 46037 | C34: Morning | D34: Auto Die Casting (Body) | E34: 3200 | F34: 1480 | G34: 20 | H34: 1440 | I34: =IF(E34<>"",180,0) -> 180 | J34: =H34-AH34 -> 665 | M34: 720 | Q34: 40 | AD34: 15 | AH34: =SUM(K34:AG34) -> 775 | AI34: =IFERROR(J34/H34,"0") -> 0.46180556 | AJ34: =IFERROR(F34/E34,"0") -> 0.4625 | AK34: =IFERROR(F34/(F34+G34),"0") -> 0.98666667 | AL34: =IFERROR(AK34*AJ34*AI34,"0") -> 0.21073727
C35: Morning | D35: Auto Die Casting (Cover) | E35: 3200 | F35: 1446 | G35: 28 | H35: 1440 | I35: =IF(E35<>"",180,0) -> 180 | J35: =H35-AH35 -> 665 | M35: 720 | Q35: 40 | AD35: 15 | AH35: =SUM(K35:AG35) -> 775 | AI35: =IFERROR(J35/H35,"0") -> 0.46180556 | AJ35: =IFERROR(F35/E35,"0") -> 0.451875 | AK35: =IFERROR(F35/(F35+G35),"0") -> 0.98100407 | AL35: =IFERROR(AK35*AJ35*AI35,"0") -> 0.20471435
A36: =A34+1 -> 46038 | B36: =A36 -> 46038 | C36: Morning | D36: Auto Die Casting (Body) | E36: 3200 | F36: 1490 | G36: 10 | H36: 1440 | I36: =IF(E36<>"",180,0) -> 180 | J36: =H36-AH36 -> 675 | M36: 720 | Z36: 45 | AH36: =SUM(K36:AG36) -> 765 | AI36: =IFERROR(J36/H36,"0") -> 0.46875 | AJ36: =IFERROR(F36/E36,"0") -> 0.465625 | AK36: =IFERROR(F36/(F36+G36),"0") -> 0.99333333 | AL36: =IFERROR(AK36*AJ36*AI36,"0") -> 0.21680664
C37: Morning | D37: Auto Die Casting (Cover) | E37: 3200 | F37: 1483 | G37: 17 | H37: 1440 | I37: =IF(E37<>"",180,0) -> 180 | J37: =H37-AH37 -> 675 | M37: 720 | Z37: 45 | AH37: =SUM(K37:AG37) -> 765 | AI37: =IFERROR(J37/H37,"0") -> 0.46875 | AJ37: =IFERROR(F37/E37,"0") -> 0.4634375 | AK37: =IFERROR(F37/(F37+G37),"0") -> 0.98866667 | AL37: =IFERROR(AK37*AJ37*AI37,"0") -> 0.21477432
A38: =A36+1 -> 46039 | B38: =A38 -> 46039 | C38: Morning | D38: Auto Die Casting (Body) | E38: 3200 | F38: 1600 | H38: 1440 | I38: =IF(E38<>"",180,0) -> 180 | J38: =H38-AH38 -> 720 | M38: 720 | AH38: =SUM(K38:AG38) -> 720 | AI38: =IFERROR(J38/H38,"0") -> 0.5 | AJ38: =IFERROR(F38/E38,"0") -> 0.5 | AK38: =IFERROR(F38/(F38+G38),"0") -> 1 | AL38: =IFERROR(AK38*AJ38*AI38,"0") -> 0.25
C39: Morning | D39: Auto Die Casting (Cover) | E39: 3200 | F39: 1600 | H39: 1440 | I39: =IF(E39<>"",180,0) -> 180 | J39: =H39-AH39 -> 720 | M39: 720 | AH39: =SUM(K39:AG39) -> 720 | AI39: =IFERROR(J39/H39,"0") -> 0.5 | AJ39: =IFERROR(F39/E39,"0") -> 0.5 | AK39: =IFERROR(F39/(F39+G39),"0") -> 1 | AL39: =IFERROR(AK39*AJ39*AI39,"0") -> 0.25
A40: =A38+1 -> 46040 | B40: =A40 -> 46040 | C40: Morning | D40: Auto Die Casting (Body) | E40: 3200 | F40: 1600 | H40: 1440 | I40: =IF(E40<>"",180,0) -> 180 | J40: =H40-AH40 -> 720 | M40: 720 | AH40: =SUM(K40:AG40) -> 720 | AI40: =IFERROR(J40/H40,"0") -> 0.5 | AJ40: =IFERROR(F40/E40,"0") -> 0.5 | AK40: =IFERROR(F40/(F40+G40),"0") -> 1 | AL40: =IFERROR(AK40*AJ40*AI40,"0") -> 0.25
C41: Morning | D41: Auto Die Casting (Cover) | E41: 3200 | F41: 1600 | H41: 1440 | I41: =IF(E41<>"",180,0) -> 180 | J41: =H41-AH41 -> 720 | M41: 720 | AH41: =SUM(K41:AG41) -> 720 | AI41: =IFERROR(J41/H41,"0") -> 0.5 | AJ41: =IFERROR(F41/E41,"0") -> 0.5 | AK41: =IFERROR(F41/(F41+G41),"0") -> 1 | AL41: =IFERROR(AK41*AJ41*AI41,"0") -> 0.25
A42: =A40+1 -> 46041 | B42: =A42 -> 46041 | C42: Morning | D42: Auto Die Casting (Body) | E42: 3200 | F42: 1600 | H42: 1440 | I42: =IF(E42<>"",180,0) -> 180 | J42: =H42-AH42 -> 720 | M42: 720 | AH42: =SUM(K42:AG42) -> 720 | AI42: =IFERROR(J42/H42,"0") -> 0.5 | AJ42: =IFERROR(F42/E42,"0") -> 0.5 | AK42: =IFERROR(F42/(F42+G42),"0") -> 1 | AL42: =IFERROR(AK42*AJ42*AI42,"0") -> 0.25
C43: Morning | D43: Auto Die Casting (Cover) | E43: 3200 | F43: 1600 | H43: 1440 | I43: =IF(E43<>"",180,0) -> 180 | J43: =H43-AH43 -> 720 | M43: 720 | AH43: =SUM(K43:AG43) -> 720 | AI43: =IFERROR(J43/H43,"0") -> 0.5 | AJ43: =IFERROR(F43/E43,"0") -> 0.5 | AK43: =IFERROR(F43/(F43+G43),"0") -> 1 | AL43: =IFERROR(AK43*AJ43*AI43,"0") -> 0.25
A44: =A42+1 -> 46042 | B44: =A44 -> 46042 | C44: Morning | D44: Auto Die Casting (Body) | E44: 3200 | F44: 1600 | H44: 1440 | I44: =IF(E44<>"",180,0) -> 180 | J44: =H44-AH44 -> 720 | M44: 720 | AH44: =SUM(K44:AG44) -> 720 | AI44: =IFERROR(J44/H44,"0") -> 0.5 | AJ44: =IFERROR(F44/E44,"0") -> 0.5 | AK44: =IFERROR(F44/(F44+G44),"0") -> 1 | AL44: =IFERROR(AK44*AJ44*AI44,"0") -> 0.25
C45: Morning | D45: Auto Die Casting (Cover) | E45: 3200 | F45: 1600 | H45: 1440 | I45: =IF(E45<>"",180,0) -> 180 | J45: =H45-AH45 -> 720 | M45: 720 | AH45: =SUM(K45:AG45) -> 720 | AI45: =IFERROR(J45/H45,"0") -> 0.5 | AJ45: =IFERROR(F45/E45,"0") -> 0.5 | AK45: =IFERROR(F45/(F45+G45),"0") -> 1 | AL45: =IFERROR(AK45*AJ45*AI45,"0") -> 0.25
A46: =A44+1 -> 46043 | B46: =A46 -> 46043 | C46: Morning | D46: Auto Die Casting (Body) | E46: 3200 | F46: 1600 | G46: 12 | H46: 1440 | I46: =IF(E46<>"",180,0) -> 180 | J46: =H46-AH46 -> 720 | M46: 720 | AH46: =SUM(K46:AG46) -> 720 | AI46: =IFERROR(J46/H46,"0") -> 0.5 | AJ46: =IFERROR(F46/E46,"0") -> 0.5 | AK46: =IFERROR(F46/(F46+G46),"0") -> 0.99255583 | AL46: =IFERROR(AK46*AJ46*AI46,"0") -> 0.24813896
C47: Morning | D47: Auto Die Casting (Cover) | E47: 3200 | F47: 1600 | G47: 10 | H47: 1440 | I47: =IF(E47<>"",180,0) -> 180 | J47: =H47-AH47 -> 720 | M47: 720 | AH47: =SUM(K47:AG47) -> 720 | AI47: =IFERROR(J47/H47,"0") -> 0.5 | AJ47: =IFERROR(F47/E47,"0") -> 0.5 | AK47: =IFERROR(F47/(F47+G47),"0") -> 0.99378882 | AL47: =IFERROR(AK47*AJ47*AI47,"0") -> 0.2484472
A48: =A46+1 -> 46044 | B48: =A48 -> 46044 | C48: Morning | D48: Auto Die Casting (Body) | E48: 3200 | F48: 1500 | H48: 1440 | I48: =IF(E48<>"",180,0) -> 180 | J48: =H48-AH48 -> 675 | M48: 720 | AE48: 45 | AH48: =SUM(K48:AG48) -> 765 | AI48: =IFERROR(J48/H48,"0") -> 0.46875 | AJ48: =IFERROR(F48/E48,"0") -> 0.46875 | AK48: =IFERROR(F48/(F48+G48),"0") -> 1 | AL48: =IFERROR(AK48*AJ48*AI48,"0") -> 0.21972656
C49: Morning | D49: Auto Die Casting (Cover) | E49: 3200 | F49: 1500 | H49: 1440 | I49: =IF(E49<>"",180,0) -> 180 | J49: =H49-AH49 -> 675 | M49: 720 | AE49: 45 | AH49: =SUM(K49:AG49) -> 765 | AI49: =IFERROR(J49/H49,"0") -> 0.46875 | AJ49: =IFERROR(F49/E49,"0") -> 0.46875 | AK49: =IFERROR(F49/(F49+G49),"0") -> 1 | AL49: =IFERROR(AK49*AJ49*AI49,"0") -> 0.21972656
A50: =A48+1 -> 46045 | B50: =A50 -> 46045 | C50: Morning | D50: Auto Die Casting (Body) | I50: =IF(E50<>"",180,0) -> 0 | J50: =H50-AH50 -> 0 | AH50: =SUM(K50:AG50) -> 0 | AI50: =IFERROR(J50/H50,"0") -> 0 | AJ50: =IFERROR(F50/E50,"0") -> 0 | AK50: =IFERROR(F50/(F50+G50),"0") -> 0 | AL50: =IFERROR(AK50*AJ50*AI50,"0") -> 0
C51: Morning | D51: Auto Die Casting (Cover) | I51: =IF(E51<>"",180,0) -> 0 | J51: =H51-AH51 -> 0 | AH51: =SUM(K51:AG51) -> 0 | AI51: =IFERROR(J51/H51,"0") -> 0 | AJ51: =IFERROR(F51/E51,"0") -> 0 | AK51: =IFERROR(F51/(F51+G51),"0") -> 0 | AL51: =IFERROR(AK51*AJ51*AI51,"0") -> 0
A52: =A50+1 -> 46046 | B52: =A52 -> 46046 | C52: Morning | D52: Auto Die Casting (Body) | E52: 3200 | F52: 1000 | G52: 30 | H52: 1440 | I52: =IF(E52<>"",180,0) -> 180 | J52: =H52-AH52 -> 450 | K52: 270 | M52: 720 | AH52: =SUM(K52:AG52) -> 990 | AI52: =IFERROR(J52/H52,"0") -> 0.3125 | AJ52: =IFERROR(F52/E52,"0") -> 0.3125 | AK52: =IFERROR(F52/(F52+G52),"0") -> 0.97087379 | AL52: =IFERROR(AK52*AJ52*AI52,"0") -> 0.094811893
C53: Morning | D53: Auto Die Casting (Cover) | E53: 3200 | F53: 1000 | G53: 25 | H53: 1440 | I53: =IF(E53<>"",180,0) -> 180 | J53: =H53-AH53 -> 450 | K53: 270 | M53: 720 | AH53: =SUM(K53:AG53) -> 990 | AI53: =IFERROR(J53/H53,"0") -> 0.3125 | AJ53: =IFERROR(F53/E53,"0") -> 0.3125 | AK53: =IFERROR(F53/(F53+G53),"0") -> 0.97560976 | AL53: =IFERROR(AK53*AJ53*AI53,"0") -> 0.09527439
A54: =A52+1 -> 46047 | B54: =A54 -> 46047 | C54: Morning | D54: Auto Die Casting (Body) | E54: 3200 | F54: 1450 | G54: 18 | H54: 1440 | I54: =IF(E54<>"",180,0) -> 180 | J54: =H54-AH54 -> 650 | M54: 720 | AD54: 70 | AH54: =SUM(K54:AG54) -> 790 | AI54: =IFERROR(J54/H54,"0") -> 0.45138889 | AJ54: =IFERROR(F54/E54,"0") -> 0.453125 | AK54: =IFERROR(F54/(F54+G54),"0") -> 0.98773842 | AL54: =IFERROR(AK54*AJ54*AI54,"0") -> 0.20202766
C55: Morning | D55: Auto Die Casting (Cover) | E55: 3200 | F55: 1450 | G55: 11 | H55: 1440 | I55: =IF(E55<>"",180,0) -> 180 | J55: =H55-AH55 -> 650 | M55: 720 | AD55: 70 | AH55: =SUM(K55:AG55) -> 790 | AI55: =IFERROR(J55/H55,"0") -> 0.45138889 | AJ55: =IFERROR(F55/E55,"0") -> 0.453125 | AK55: =IFERROR(F55/(F55+G55),"0") -> 0.99247091 | AL55: =IFERROR(AK55*AJ55*AI55,"0") -> 0.20299562
A56: =A54+1 -> 46048 | B56: =A56 -> 46048 | C56: Morning | D56: Auto Die Casting (Body) | E56: 3200 | F56: 1430 | G56: 23 | H56: 1440 | I56: =IF(E56<>"",180,0) -> 180 | J56: =H56-AH56 -> 640 | K56: 60 | L56: 20 | M56: 720 | AH56: =SUM(K56:AG56) -> 800 | AI56: =IFERROR(J56/H56,"0") -> 0.44444444 | AJ56: =IFERROR(F56/E56,"0") -> 0.446875 | AK56: =IFERROR(F56/(F56+G56),"0") -> 0.98417068 | AL56: =IFERROR(AK56*AJ56*AI56,"0") -> 0.19546723
C57: Morning | D57: Auto Die Casting (Cover) | E57: 3200 | F57: 1430 | G57: 17 | H57: 1440 | I57: =IF(E57<>"",180,0) -> 180 | J57: =H57-AH57 -> 640 | K57: 60 | L57: 20 | M57: 720 | AH57: =SUM(K57:AG57) -> 800 | AI57: =IFERROR(J57/H57,"0") -> 0.44444444 | AJ57: =IFERROR(F57/E57,"0") -> 0.446875 | AK57: =IFERROR(F57/(F57+G57),"0") -> 0.98825155 | AL57: =IFERROR(AK57*AJ57*AI57,"0") -> 0.19627774
A58: =A56+1 -> 46049 | B58: =A58 -> 46049 | C58: Morning | D58: Auto Die Casting (Body) | E58: 3200 | F58: 1500 | G58: 22 | H58: 1440 | I58: =IF(E58<>"",180,0) -> 180 | J58: =H58-AH58 -> 675 | M58: 720 | AD58: 45 | AH58: =SUM(K58:AG58) -> 765 | AI58: =IFERROR(J58/H58,"0") -> 0.46875 | AJ58: =IFERROR(#REF!/E58,"0") -> 0 | AK58: =IFERROR(#REF!/(#REF!+G58),"0") -> 0 | AL58: =IFERROR(AK58*AJ58*AI58,"0") -> 0
C59: Morning | D59: Auto Die Casting (Cover) | E59: 3200 | F59: 1500 | G59: 10 | H59: 1440 | I59: =IF(E59<>"",180,0) -> 180 | J59: =H59-AH59 -> 675 | M59: 720 | AD59: 45 | AH59: =SUM(K59:AG59) -> 765 | AI59: =IFERROR(J59/H59,"0") -> 0.46875 | AJ59: =IFERROR(#REF!/E59,"0") -> 0 | AK59: =IFERROR(#REF!/(#REF!+G59),"0") -> 0 | AL59: =IFERROR(AK59*AJ59*AI59,"0") -> 0
A60: =A58+1 -> 46050 | B60: =A60 -> 46050 | C60: Morning | D60: Auto Die Casting (Body) | E60: 3200 | F60: 1500 | G60: 26 | H60: 1440 | I60: =IF(E60<>"",180,0) -> 180 | J60: =H60-AH60 -> 675 | K60: 5 | M60: 720 | Q60: 10 | AD60: 30 | AH60: =SUM(K60:AG60) -> 765 | AI60: =IFERROR(J60/H60,"0") -> 0.46875 | AJ60: =IFERROR(F58/E60,"0") -> 0.46875 | AK60: =IFERROR(F58/(F58+G60),"0") -> 0.98296199 | AL60: =IFERROR(AK60*AJ60*AI60,"0") -> 0.21598286
C61: Morning | D61: Auto Die Casting (Cover) | E61: 3200 | F61: 1500 | G61: 18 | H61: 1440 | I61: =IF(E61<>"",180,0) -> 180 | J61: =H61-AH61 -> 675 | K61: 5 | M61: 720 | Q61: 10 | AD61: 30 | AH61: =SUM(K61:AG61) -> 765 | AI61: =IFERROR(J61/H61,"0") -> 0.46875 | AJ61: =IFERROR(F59/E61,"0") -> 0.46875 | AK61: =IFERROR(F59/(F59+G61),"0") -> 0.98814229 | AL61: =IFERROR(AK61*AJ61*AI61,"0") -> 0.21712111
A62: =A60+1 -> 46051 | B62: =A62 -> 46051 | C62: Morning | D62: Auto Die Casting (Body) | E62: 3200 | F62: 1500 | G62: 14 | H62: 1440 | I62: =IF(E62<>"",180,0) -> 180 | J62: =H62-AH62 -> 675 | M62: 720 | AD62: 45 | AH62: =SUM(K62:AG62) -> 765 | AI62: =IFERROR(J62/H62,"0") -> 0.46875 | AJ62: =IFERROR(F60/E62,"0") -> 0.46875 | AK62: =IFERROR(F60/(F60+G62),"0") -> 0.99075297 | AL62: =IFERROR(AK62*AJ62*AI62,"0") -> 0.21769474
C63: Morning | D63: Auto Die Casting (Cover) | E63: 3200 | F63: 1500 | G63: 12 | H63: 1440 | I63: =IF(E63<>"",180,0) -> 180 | J63: =H63-AH63 -> 675 | M63: 720 | AD63: 45 | AH63: =SUM(K63:AG63) -> 765 | AI63: =IFERROR(J63/H63,"0") -> 0.46875 | AJ63: =IFERROR(F61/E63,"0") -> 0.46875 | AK63: =IFERROR(F61/(F61+G63),"0") -> 0.99206349 | AL63: =IFERROR(AK63*AJ63*AI63,"0") -> 0.2179827
A64: =A62+1 -> 46052 | B64: =A64 -> 46052 | C64: Morning | D64: Auto Die Casting (Body) | E64: 3200 | F64: 1100 | G64: 22 | H64: 1440 | I64: =IF(E64<>"",180,0) -> 180 | J64: =H64-AH64 -> 495 | M64: 780 | N64: 105 | AD64: 60 | AH64: =SUM(K64:AG64) -> 945 | AI64: =IFERROR(J64/H64,"0") -> 0.34375 | AJ64: =IFERROR(F64/E64,"0") -> 0.34375 | AK64: =IFERROR(F64/(F64+G64),"0") -> 0.98039216 | AL64: =IFERROR(AK64*AJ64*AI64,"0") -> 0.11584712
C65: Morning | D65: Auto Die Casting (Cover) | E65: 3200 | F65: 1100 | G65: 19 | H65: 1440 | I65: =IF(E65<>"",180,0) -> 180 | J65: =H65-AH65 -> 495 | M65: 780 | N65: 105 | AD65: 60 | AH65: =SUM(K65:AG65) -> 945 | AI65: =IFERROR(J65/H65,"0") -> 0.34375 | AJ65: =IFERROR(F65/E65,"0") -> 0.34375 | AK65: =IFERROR(F65/(F65+G65),"0") -> 0.98302055 | AL65: =IFERROR(AK65*AJ65*AI65,"0") -> 0.1161577
A66: =A64+1 -> 46053 | B66: =A66 -> 46053 | C66: Morning | D66: Auto Die Casting (Body) | E66: 3200 | F66: 1000 | G66: 10 | H66: 1440 | I66: =IF(E66<>"",180,0) -> 180 | J66: =H66-AH66 -> 450 | M66: 990 | AH66: =SUM(K66:AG66) -> 990 | AI66: =IFERROR(J66/H66,"0") -> 0.3125 | AJ66: =IFERROR(F66/E66,"0") -> 0.3125 | AK66: =IFERROR(F66/(F66+G66),"0") -> 0.99009901 | AL66: =IFERROR(AK66*AJ66*AI66,"0") -> 0.096689356
C67: Morning | D67: Auto Die Casting (Cover) | E67: 3200 | F67: 1000 | G67: 8 | H67: 1440 | I67: =IF(E67<>"",180,0) -> 180 | J67: =H67-AH67 -> 450 | M67: 990 | AH67: =SUM(K67:AG67) -> 990 | AI67: =IFERROR(J67/H67,"0") -> 0.3125 | AJ67: =IFERROR(F67/E67,"0") -> 0.3125 | AK67: =IFERROR(F67/(F67+G67),"0") -> 0.99206349 | AL67: =IFERROR(AK67*AJ67*AI67,"0") -> 0.0968812
A68: Total: | E68: =SUM(E6:E67) -> 185600 | F68: =SUM(F6:F67) -> 85590 | G68: =SUM(G6:G67) -> 700 | H68: =SUM(H6:H67) -> 83520 | I68: =SUM(I43:I67) -> 4140 | J68: =SUM(J6:J67) -> 38450 | K68: =SUM(K6:K67) -> 810 | L68: =SUM(L6:L67) -> 70 | M68: =SUM(M6:M67) -> 42420 | N68: =SUM(N6:N67) -> 370 | O68: =SUM(O6:O67) -> 0 | P68: =SUM(P6:P67) -> 60 | Q68: =SUM(Q6:Q67) -> 280 | ... AH68: =SUM(AH6:AH67) -> 45070 | AI68: =IFERROR(J68/H68,0) -> 0.46036877 | AJ68: =IFERROR(F68/E68,0) -> 0.46115302 | AK68: =IFERROR(F68/(F68+G68),0) -> 0.99188782 | AL68: =IFERROR(AK68*AJ68*AI68,0) -> 0.21057823

Sheet Fan Rechargeable
A1: MEP FAN LTD.
A2: Production Performance Analysis Report
A3: ="Fan Rechargeable ("&TEXT('Fan Lathe'!AM3,"mmmm yyyy")&")" -> Fan Rechargeable (January 2026) | AM3: ='Fan Lathe'!AM3 -> 46023
K4: 10 | L4: 11 | M4: 12 | N4: 13 | O4: 14 | P4: 15 | Q4: 16 | R4: 17 | S4: 18 | T4: 19 | U4: 20 | V4: 21 | W4: 22 | X4: 23 | Y4: 24 | Z4: 25 | AA4: 26 | AB4: 27 | AC4: 28 | AD4: 29 | AE4: 30 | AF4: 31 | AG4: 32
A5: Date | B5: Day | C5: Shift | D5: Machine Name | E5: Production Capacity (Pcs) | F5: Actual Prd. (Pcs) | G5: Rejection (Pcs) | H5: Planned Prd. Time (Min) | I5: Expected DownTime (Min) | J5: Total Prd. Run Time (Min) | K5: Heater/Coil Problem | L5: Power Shutdown | M5: Machine Breakdown | N5: Die/ Mold Problem | O5: Model/ Die Change | P5: Air Presser Problem | Q5: Water line Problem | R5: Lift Problem | S5: D Coil Insert | T5: RM Shortage | U5: Crean Problem | V5: Worker Absent | W5: Printer M/C Problem | X5: UPS shutdown | Y5: Load Problem | Z5: Namaz | AA5: Conveyor Belt Problem | AB5: Fitting Problem | AC5: Gas Presser Problem | AD5: Mold polish & Clean | AE5: Alu. Ash Extraction | AF5: Robot Problems | AG5: Alu. Recipe Problem | AH5: Total Down Time (Mins) | AI5: Availability (%) | AJ5: Performance (%) | AK5: Quality (%) | AL5: OEE (%) | AM5: Remarks
A6: =AM3 -> 46023 | B6: =A6 -> 46023 | C6: Morning | D6: Conveyor Belt | E6: 65 | F6: 65 | H6: 660 | I6: =IF(E6<>"",30,0) -> 30 | J6: =H6-AH6 -> 630 | Z6: =IF(E6<>"",30,0) -> 30 | AH6: =SUM(K6:AG6) -> 30 | AI6: =IFERROR(J6/H6,"0") -> 0.95454545 | AJ6: =IFERROR(F6/E6,"0") -> 1 | AK6: =IFERROR(F6/(F6+G6),"0") -> 1 | AL6: =IFERROR(AK6*AJ6*AI6,"0") -> 0.95454545
A7: =A6+1 -> 46024 | B7: =A7 -> 46024 | C7: Morning | D7: Conveyor Belt | E7: 50 | F7: 50 | H7: 480 | I7: =IF(E7<>"",30,0) -> 30 | J7: =H7-AH7 -> 450 | Z7: =IF(E7<>"",30,0) -> 30 | AH7: =SUM(K7:AG7) -> 30 | AI7: =IFERROR(J7/H7,"0") -> 0.9375 | AJ7: =IFERROR(F7/E7,"0") -> 1 | AK7: =IFERROR(F7/(F7+G7),"0") -> 1 | AL7: =IFERROR(AK7*AJ7*AI7,"0") -> 0.9375
A8: =A7+1 -> 46025 | B8: =A8 -> 46025 | C8: Morning | D8: Conveyor Belt | E8: 65 | F8: 65 | H8: 660 | I8: =IF(E8<>"",30,0) -> 30 | J8: =H8-AH8 -> 630 | Z8: =IF(E8<>"",30,0) -> 30 | AH8: =SUM(K8:AG8) -> 30 | AI8: =IFERROR(J8/H8,"0") -> 0.95454545 | AJ8: =IFERROR(F8/E8,"0") -> 1 | AK8: =IFERROR(F8/(F8+G8),"0") -> 1 | AL8: =IFERROR(AK8*AJ8*AI8,"0") -> 0.95454545
A9: =A8+1 -> 46026 | B9: =A9 -> 46026 | C9: Morning | D9: Conveyor Belt | E9: 65 | F9: 65 | H9: 660 | I9: =IF(E9<>"",30,0) -> 30 | J9: =H9-AH9 -> 630 | Z9: =IF(E9<>"",30,0) -> 30 | AH9: =SUM(K9:AG9) -> 30 | AI9: =IFERROR(J9/H9,"0") -> 0.95454545 | AJ9: =IFERROR(F9/E9,"0") -> 1 | AK9: =IFERROR(F9/(F9+G9),"0") -> 1 | AL9: =IFERROR(AK9*AJ9*AI9,"0") -> 0.95454545
A10: =A9+1 -> 46027 | B10: =A10 -> 46027 | C10: Morning | D10: Conveyor Belt | E10: 65 | F10: 65 | H10: 660 | I10: =IF(E10<>"",30,0) -> 30 | J10: =H10-AH10 -> 630 | Z10: =IF(E10<>"",30,0) -> 30 | AH10: =SUM(K10:AG10) -> 30 | AI10: =IFERROR(J10/H10,"0") -> 0.95454545 | AJ10: =IFERROR(F10/E10,"0") -> 1 | AK10: =IFERROR(F10/(F10+G10),"0") -> 1 | AL10: =IFERROR(AK10*AJ10*AI10,"0") -> 0.95454545
A11: =A10+1 -> 46028 | B11: =A11 -> 46028 | C11: Morning | D11: Conveyor Belt | E11: 65 | F11: 65 | H11: 660 | I11: =IF(E11<>"",30,0) -> 30 | J11: =H11-AH11 -> 630 | Z11: =IF(E11<>"",30,0) -> 30 | AH11: =SUM(K11:AG11) -> 30 | AI11: =IFERROR(J11/H11,"0") -> 0.95454545 | AJ11: =IFERROR(F11/E11,"0") -> 1 | AK11: =IFERROR(F11/(F11+G11),"0") -> 1 | AL11: =IFERROR(AK11*AJ11*AI11,"0") -> 0.95454545
A12: =A11+1 -> 46029 | B12: =A12 -> 46029 | C12: Morning | D12: Conveyor Belt | E12: 65 | F12: 65 | H12: 660 | I12: =IF(E12<>"",30,0) -> 30 | J12: =H12-AH12 -> 630 | Z12: =IF(E12<>"",30,0) -> 30 | AH12: =SUM(K12:AG12) -> 30 | AI12: =IFERROR(J12/H12,"0") -> 0.95454545 | AJ12: =IFERROR(F12/E12,"0") -> 1 | AK12: =IFERROR(F12/(F12+G12),"0") -> 1 | AL12: =IFERROR(AK12*AJ12*AI12,"0") -> 0.95454545
A13: =A12+1 -> 46030 | B13: =A13 -> 46030 | C13: Morning | D13: Conveyor Belt | E13: 65 | F13: 65 | H13: 480 | I13: =IF(E13<>"",30,0) -> 30 | J13: =H13-AH13 -> 450 | Z13: =IF(E13<>"",30,0) -> 30 | AH13: =SUM(K13:AG13) -> 30 | AI13: =IFERROR(J13/H13,"0") -> 0.9375 | AJ13: =IFERROR(F13/E13,"0") -> 1 | AK13: =IFERROR(F13/(F13+G13),"0") -> 1 | AL13: =IFERROR(AK13*AJ13*AI13,"0") -> 0.9375
A14: =A13+1 -> 46031 | B14: =A14 -> 46031 | C14: Morning | D14: Conveyor Belt | I14: =IF(E14<>"",30,0) -> 0 | J14: =H14-AH14 -> 0 | Z14: =IF(E14<>"",30,0) -> 0 | AH14: =SUM(K14:AG14) -> 0 | AI14: =IFERROR(J14/H14,"0") -> 0 | AJ14: =IFERROR(F14/E14,"0") -> 0 | AK14: =IFERROR(F14/(F14+G14),"0") -> 0 | AL14: =IFERROR(AK14*AJ14*AI14,"0") -> 0
A15: =A14+1 -> 46032 | B15: =A15 -> 46032 | C15: Morning | D15: Conveyor Belt | E15: 65 | F15: 65 | H15: 660 | I15: =IF(E15<>"",30,0) -> 30 | J15: =H15-AH15 -> 630 | Z15: =IF(E15<>"",30,0) -> 30 | AH15: =SUM(K15:AG15) -> 30 | AI15: =IFERROR(J15/H15,"0") -> 0.95454545 | AJ15: =IFERROR(F15/E15,"0") -> 1 | AK15: =IFERROR(F15/(F15+G15),"0") -> 1 | AL15: =IFERROR(AK15*AJ15*AI15,"0") -> 0.95454545
A16: =A15+1 -> 46033 | B16: =A16 -> 46033 | C16: Morning | D16: Conveyor Belt | E16: 62 | F16: 62 | H16: 660 | I16: =IF(E16<>"",30,0) -> 30 | J16: =H16-AH16 -> 630 | Z16: =IF(E16<>"",30,0) -> 30 | AH16: =SUM(K16:AG16) -> 30 | AI16: =IFERROR(J16/H16,"0") -> 0.95454545 | AJ16: =IFERROR(F16/E16,"0") -> 1 | AK16: =IFERROR(F16/(F16+G16),"0") -> 1 | AL16: =IFERROR(AK16*AJ16*AI16,"0") -> 0.95454545
A17: =A16+1 -> 46034 | B17: =A17 -> 46034 | C17: Morning | D17: Conveyor Belt | E17: 62 | F17: 62 | H17: 660 | I17: =IF(E17<>"",30,0) -> 30 | J17: =H17-AH17 -> 630 | Z17: =IF(E17<>"",30,0) -> 30 | AH17: =SUM(K17:AG17) -> 30 | AI17: =IFERROR(J17/H17,"0") -> 0.95454545 | AJ17: =IFERROR(F17/E17,"0") -> 1 | AK17: =IFERROR(F17/(F17+G17),"0") -> 1 | AL17: =IFERROR(AK17*AJ17*AI17,"0") -> 0.95454545
A18: =A17+1 -> 46035 | B18: =A18 -> 46035 | C18: Morning | D18: Conveyor Belt | E18: 62 | F18: 62 | H18: 660 | I18: =IF(E18<>"",30,0) -> 30 | J18: =H18-AH18 -> 630 | Z18: =IF(E18<>"",30,0) -> 30 | AH18: =SUM(K18:AG18) -> 30 | AI18: =IFERROR(J18/H18,"0") -> 0.95454545 | AJ18: =IFERROR(F18/E18,"0") -> 1 | AK18: =IFERROR(F18/(F18+G18),"0") -> 1 | AL18: =IFERROR(AK18*AJ18*AI18,"0") -> 0.95454545
A19: =A18+1 -> 46036 | B19: =A19 -> 46036 | C19: Morning | D19: Conveyor Belt | E19: 62 | F19: 62 | H19: 660 | I19: =IF(E19<>"",30,0) -> 30 | J19: =H19-AH19 -> 630 | Z19: =IF(E19<>"",30,0) -> 30 | AH19: =SUM(K19:AG19) -> 30 | AI19: =IFERROR(J19/H19,"0") -> 0.95454545 | AJ19: =IFERROR(F19/E19,"0") -> 1 | AK19: =IFERROR(F19/(F19+G19),"0") -> 1 | AL19: =IFERROR(AK19*AJ19*AI19,"0") -> 0.95454545
A20: =A19+1 -> 46037 | B20: =A20 -> 46037 | C20: Morning | D20: Conveyor Belt | E20: 62 | F20: 62 | H20: 660 | I20: =IF(E20<>"",30,0) -> 30 | J20: =H20-AH20 -> 630 | Z20: =IF(E20<>"",30,0) -> 30 | AH20: =SUM(K20:AG20) -> 30 | AI20: =IFERROR(J20/H20,"0") -> 0.95454545 | AJ20: =IFERROR(F20/E20,"0") -> 1 | AK20: =IFERROR(F20/(F20+G20),"0") -> 1 | AL20: =IFERROR(AK20*AJ20*AI20,"0") -> 0.95454545
A21: =A20+1 -> 46038 | B21: =A21 -> 46038 | C21: Morning | D21: Conveyor Belt | E21: 50 | F21: 50 | H21: 480 | I21: =IF(E21<>"",30,0) -> 30 | J21: =H21-AH21 -> 450 | Z21: =IF(E21<>"",30,0) -> 30 | AH21: =SUM(K21:AG21) -> 30 | AI21: =IFERROR(J21/H21,"0") -> 0.9375 | AJ21: =IFERROR(F21/E21,"0") -> 1 | AK21: =IFERROR(F21/(F21+G21),"0") -> 1 | AL21: =IFERROR(AK21*AJ21*AI21,"0") -> 0.9375
A22: =A21+1 -> 46039 | B22: =A22 -> 46039 | C22: Morning | D22: Conveyor Belt | E22: 62 | F22: 62 | H22: 660 | I22: =IF(E22<>"",30,0) -> 30 | J22: =H22-AH22 -> 630 | Z22: =IF(E22<>"",30,0) -> 30 | AH22: =SUM(K22:AG22) -> 30 | AI22: =IFERROR(J22/H22,"0") -> 0.95454545 | AJ22: =IFERROR(F22/E22,"0") -> 1 | AK22: =IFERROR(F22/(F22+G22),"0") -> 1 | AL22: =IFERROR(AK22*AJ22*AI22,"0") -> 0.95454545
A23: =A22+1 -> 46040 | B23: =A23 -> 46040 | C23: Morning | D23: Conveyor Belt | E23: 62 | F23: 62 | H23: 660 | I23: =IF(E23<>"",30,0) -> 30 | J23: =H23-AH23 -> 630 | Z23: =IF(E23<>"",30,0) -> 30 | AH23: =SUM(K23:AG23) -> 30 | AI23: =IFERROR(J23/H23,"0") -> 0.95454545 | AJ23: =IFERROR(F23/E23,"0") -> 1 | AK23: =IFERROR(F23/(F23+G23),"0") -> 1 | AL23: =IFERROR(AK23*AJ23*AI23,"0") -> 0.95454545
A24: =A23+1 -> 46041 | B24: =A24 -> 46041 | C24: Morning | D24: Conveyor Belt | E24: 62 | F24: 62 | H24: 660 | I24: =IF(E24<>"",30,0) -> 30 | J24: =H24-AH24 -> 630 | Z24: =IF(E24<>"",30,0) -> 30 | AH24: =SUM(K24:AG24) -> 30 | AI24: =IFERROR(J24/H24,"0") -> 0.95454545 | AJ24: =IFERROR(F24/E24,"0") -> 1 | AK24: =IFERROR(F24/(F24+G24),"0") -> 1 | AL24: =IFERROR(AK24*AJ24*AI24,"0") -> 0.95454545
A25: =A24+1 -> 46042 | B25: =A25 -> 46042 | C25: Morning | D25: Conveyor Belt | E25: 62 | F25: 62 | H25: 660 | I25: =IF(E25<>"",30,0) -> 30 | J25: =H25-AH25 -> 630 | Z25: =IF(E25<>"",30,0) -> 30 | AH25: =SUM(K25:AG25) -> 30 | AI25: =IFERROR(J25/H25,"0") -> 0.95454545 | AJ25: =IFERROR(F25/E25,"0") -> 1 | AK25: =IFERROR(F25/(F25+G25),"0") -> 1 | AL25: =IFERROR(AK25*AJ25*AI25,"0") -> 0.95454545
A26: =A25+1 -> 46043 | B26: =A26 -> 46043 | C26: Morning | D26: Conveyor Belt | E26: 62 | F26: 62 | H26: 660 | I26: =IF(E26<>"",30,0) -> 30 | J26: =H26-AH26 -> 630 | Z26: =IF(E26<>"",30,0) -> 30 | AH26: =SUM(K26:AG26) -> 30 | AI26: =IFERROR(J26/H26,"0") -> 0.95454545 | AJ26: =IFERROR(F26/E26,"0") -> 1 | AK26: =IFERROR(F26/(F26+G26),"0") -> 1 | AL26: =IFERROR(AK26*AJ26*AI26,"0") -> 0.95454545
A27: =A26+1 -> 46044 | B27: =A27 -> 46044 | C27: Morning | D27: Conveyor Belt | E27: 62 | F27: 62 | H27: 480 | I27: =IF(E27<>"",30,0) -> 30 | J27: =H27-AH27 -> 450 | Z27: =IF(E27<>"",30,0) -> 30 | AH27: =SUM(K27:AG27) -> 30 | AI27: =IFERROR(J27/H27,"0") -> 0.9375 | AJ27: =IFERROR(F27/E27,"0") -> 1 | AK27: =IFERROR(F27/(F27+G27),"0") -> 1 | AL27: =IFERROR(AK27*AJ27*AI27,"0") -> 0.9375
A28: =A27+1 -> 46045 | B28: =A28 -> 46045 | C28: Morning | D28: Conveyor Belt | I28: =IF(E28<>"",30,0) -> 0 | J28: =H28-AH28 -> 0 | Z28: =IF(E28<>"",30,0) -> 0 | AH28: =SUM(K28:AG28) -> 0 | AI28: =IFERROR(J28/H28,"0") -> 0 | AJ28: =IFERROR(F28/E28,"0") -> 0 | AK28: =IFERROR(F28/(F28+G28),"0") -> 0 | AL28: =IFERROR(AK28*AJ28*AI28,"0") -> 0
A29: =A28+1 -> 46046 | B29: =A29 -> 46046 | C29: Morning | D29: Conveyor Belt | E29: 62 | F29: 62 | H29: 660 | I29: =IF(E29<>"",30,0) -> 30 | J29: =H29-AH29 -> 630 | Z29: =IF(E29<>"",30,0) -> 30 | AH29: =SUM(K29:AG29) -> 30 | AI29: =IFERROR(J29/H29,"0") -> 0.95454545 | AJ29: =IFERROR(F29/E29,"0") -> 1 | AK29: =IFERROR(F29/(F29+G29),"0") -> 1 | AL29: =IFERROR(AK29*AJ29*AI29,"0") -> 0.95454545
A30: =A29+1 -> 46047 | B30: =A30 -> 46047 | C30: Morning | D30: Conveyor Belt | E30: 62 | F30: 62 | H30: 660 | I30: =IF(E30<>"",30,0) -> 30 | J30: =H30-AH30 -> 630 | Z30: =IF(E30<>"",30,0) -> 30 | AH30: =SUM(K30:AG30) -> 30 | AI30: =IFERROR(J30/H30,"0") -> 0.95454545 | AJ30: =IFERROR(F30/E30,"0") -> 1 | AK30: =IFERROR(F30/(F30+G30),"0") -> 1 | AL30: =IFERROR(AK30*AJ30*AI30,"0") -> 0.95454545
A31: =A30+1 -> 46048 | B31: =A31 -> 46048 | C31: Morning | D31: Conveyor Belt | E31: 74 | F31: 74 | H31: 660 | I31: =IF(E31<>"",30,0) -> 30 | J31: =H31-AH31 -> 630 | Z31: =IF(E31<>"",30,0) -> 30 | AH31: =SUM(K31:AG31) -> 30 | AI31: =IFERROR(J31/H31,"0") -> 0.95454545 | AJ31: =IFERROR(F31/E31,"0") -> 1 | AK31: =IFERROR(F31/(F31+G31),"0") -> 1 | AL31: =IFERROR(AK31*AJ31*AI31,"0") -> 0.95454545
A32: =A31+1 -> 46049 | B32: =A32 -> 46049 | C32: Morning | D32: Conveyor Belt | I32: =IF(E32<>"",30,0) -> 0 | J32: =H32-AH32 -> 0 | Z32: =IF(E32<>"",30,0) -> 0 | AH32: =SUM(K32:AG32) -> 0 | AI32: =IFERROR(J32/H32,"0") -> 0 | AJ32: =IFERROR(F32/E32,"0") -> 0 | AK32: =IFERROR(F32/(F32+G32),"0") -> 0 | AL32: =IFERROR(AK32*AJ32*AI32,"0") -> 0
A33: =A32+1 -> 46050 | B33: =A33 -> 46050 | C33: Morning | D33: Conveyor Belt | I33: =IF(E33<>"",30,0) -> 0 | J33: =H33-AH33 -> 0 | Z33: =IF(E33<>"",30,0) -> 0 | AH33: =SUM(K33:AG33) -> 0 | AI33: =IFERROR(J33/H33,"0") -> 0 | AJ33: =IFERROR(F33/E33,"0") -> 0 | AK33: =IFERROR(F33/(F33+G33),"0") -> 0 | AL33: =IFERROR(AK33*AJ33*AI33,"0") -> 0
A34: =A33+1 -> 46051 | B34: =A34 -> 46051 | C34: Morning | D34: Conveyor Belt | I34: =IF(E34<>"",30,0) -> 0 | J34: =H34-AH34 -> 0 | Z34: =IF(E34<>"",30,0) -> 0 | AH34: =SUM(K34:AG34) -> 0 | AI34: =IFERROR(J34/H34,"0") -> 0 | AJ34: =IFERROR(F34/E34,"0") -> 0 | AK34: =IFERROR(F34/(F34+G34),"0") -> 0 | AL34: =IFERROR(AK34*AJ34*AI34,"0") -> 0
A35: =A34+1 -> 46052 | B35: =A35 -> 46052 | C35: Morning | D35: Conveyor Belt | I35: =IF(E35<>"",30,0) -> 0 | J35: =H35-AH35 -> 0 | Z35: =IF(E35<>"",30,0) -> 0 | AH35: =SUM(K35:AG35) -> 0 | AI35: =IFERROR(J35/H35,"0") -> 0 | AJ35: =IFERROR(F35/E35,"0") -> 0 | AK35: =IFERROR(F35/(F35+G35),"0") -> 0 | AL35: =IFERROR(AK35*AJ35*AI35,"0") -> 0
A36: =A35+1 -> 46053 | B36: =A36 -> 46053 | C36: Morning | D36: Conveyor Belt | I36: =IF(E36<>"",30,0) -> 0 | J36: =H36-AH36 -> 0 | Z36: =IF(E36<>"",30,0) -> 0 | AH36: =SUM(K36:AG36) -> 0 | AI36: =IFERROR(J36/H36,"0") -> 0 | AJ36: =IFERROR(F36/E36,"0") -> 0 | AK36: =IFERROR(F36/(F36+G36),"0") -> 0 | AL36: =IFERROR(AK36*AJ36*AI36,"0") -> 0
A37: Total: | E37: =SUM(E6:E36) -> 1500 | F37: =SUM(F6:F36) -> 1500 | G37: =SUM(G6:G36) -> 0 | H37: =SUM(H6:H36) -> 15120 | I37: =SUM(I7:I36) -> 690 | J37: =SUM(J6:J36) -> 14400 | K37: =SUM(K6:K36) -> 0 | L37: =SUM(L6:L36) -> 0 | M37: =SUM(M6:M36) -> 0 | N37: =SUM(N6:N36) -> 0 | O37: =SUM(O6:O36) -> 0 | P37: =SUM(P6:P36) -> 0 | Q37: =SUM(Q6:Q36) -> 0 | ... AH37: =SUM(AH6:AH36) -> 720 | AI37: =IFERROR(J37/H37,0) -> 0.95238095 | AJ37: =IFERROR(F37/E37,0) -> 1 | AK37: =IFERROR(F37/(F37+G37),0) -> 1 | AL37: =IFERROR(AK37*AJ37*AI37,0) -> 0.95238095

Sheet Exhaust Fan
A1: MEP FAN LTD.
A2: Production Performance Analysis Report
A3: ="Fan Exhaust ("&TEXT('Fan Lathe'!AM3,"mmmm yyyy")&")" -> Fan Exhaust (January 2026) | AM3: 45962
K4: 10 | L4: 11 | M4: 12 | N4: 13 | O4: 14 | P4: 15 | Q4: 16 | R4: 17 | S4: 18 | T4: 19 | U4: 20 | V4: 21 | W4: 22 | X4: 23 | Y4: 24 | Z4: 25 | AA4: 26 | AB4: 27 | AC4: 28 | AD4: 29 | AE4: 30 | AF4: 31 | AG4: 32
A5: Date | B5: Day | C5: Shift | D5: Machine Name | E5: Production Capacity (Pcs) | F5: Actual Prd. (Pcs) | G5: Rejection (Pcs) | H5: Planned Prd. Time (Min) | I5: Expected DownTime (Min) | J5: Total Prd. Run Time (Min) | K5: Heater/Coil Problem | L5: Power Shutdown | M5: Machine Breakdown | N5: Die/ Mold Problem | O5: Model/ Die Change | P5: Air Presser Problem | Q5: Water line Problem | R5: Lift Problem | S5: D Coil Insert | T5: RM Shortage | U5: Crean Problem | V5: Worker Absent | W5: Printer M/C Problem | X5: UPS shutdown | Y5: Load Problem | Z5: Namaz | AA5: Conveyor Belt Problem | AB5: Fitting Problem | AC5: Gas Presser Problem | AD5: Mold polish & Clean | AE5: Alu. Ash Extraction | AF5: Robot Problems | AG5: Alu. Recipe Problem | AH5: Total Down Time (Mins) | AI5: Availability (%) | AJ5: Performance (%) | AK5: Quality (%) | AL5: OEE (%) | AM5: Remarks
A6: =AM3 -> 45962 | B6: =A6 -> 45962 | C6: Morning | D6: Conveyor Belt | I6: =IF(E6<>"",30,0) -> 0 | J6: =H6-AH6 -> 0 | Z6: =IF(E6<>"",30,0) -> 0 | AH6: =SUM(K6:AG6) -> 0 | AI6: =IFERROR(J6/H6,"0") -> 0 | AJ6: =IFERROR(F6/E6,"0") -> 0 | AK6: =IFERROR(F6/(F6+G6),"0") -> 0 | AL6: =IFERROR(AK6*AJ6*AI6,"0") -> 0
A7: =A6+1 -> 45963 | B7: =A7 -> 45963 | C7: Morning | D7: Conveyor Belt | I7: =IF(E7<>"",30,0) -> 0 | J7: =H7-AH7 -> 0 | Z7: =IF(E7<>"",30,0) -> 0 | AH7: =SUM(K7:AG7) -> 0 | AI7: =IFERROR(J7/H7,"0") -> 0 | AJ7: =IFERROR(F7/E7,"0") -> 0 | AK7: =IFERROR(F7/(F7+G7),"0") -> 0 | AL7: =IFERROR(AK7*AJ7*AI7,"0") -> 0
A8: =A7+1 -> 45964 | B8: =A8 -> 45964 | C8: Morning | D8: Conveyor Belt | I8: =IF(E8<>"",30,0) -> 0 | J8: =H8-AH8 -> 0 | Z8: =IF(E8<>"",30,0) -> 0 | AH8: =SUM(K8:AG8) -> 0 | AI8: =IFERROR(J8/H8,"0") -> 0 | AJ8: =IFERROR(F8/E8,"0") -> 0 | AK8: =IFERROR(F8/(F8+G8),"0") -> 0 | AL8: =IFERROR(AK8*AJ8*AI8,"0") -> 0
A9: =A8+1 -> 45965 | B9: =A9 -> 45965 | C9: Morning | D9: Conveyor Belt | I9: =IF(E9<>"",30,0) -> 0 | J9: =H9-AH9 -> 0 | Z9: =IF(E9<>"",30,0) -> 0 | AH9: =SUM(K9:AG9) -> 0 | AI9: =IFERROR(J9/H9,"0") -> 0 | AJ9: =IFERROR(F9/E9,"0") -> 0 | AK9: =IFERROR(F9/(F9+G9),"0") -> 0 | AL9: =IFERROR(AK9*AJ9*AI9,"0") -> 0
A10: =A9+1 -> 45966 | B10: =A10 -> 45966 | C10: Morning | D10: Conveyor Belt | I10: =IF(E10<>"",30,0) -> 0 | J10: =H10-AH10 -> 0 | Z10: =IF(E10<>"",30,0) -> 0 | AH10: =SUM(K10:AG10) -> 0 | AI10: =IFERROR(J10/H10,"0") -> 0 | AJ10: =IFERROR(F10/E10,"0") -> 0 | AK10: =IFERROR(F10/(F10+G10),"0") -> 0 | AL10: =IFERROR(AK10*AJ10*AI10,"0") -> 0
A11: =A10+1 -> 45967 | B11: =A11 -> 45967 | C11: Morning | D11: Conveyor Belt | I11: =IF(E11<>"",30,0) -> 0 | J11: =H11-AH11 -> 0 | Z11: =IF(E11<>"",30,0) -> 0 | AH11: =SUM(K11:AG11) -> 0 | AI11: =IFERROR(J11/H11,"0") -> 0 | AJ11: =IFERROR(F11/E11,"0") -> 0 | AK11: =IFERROR(F11/(F11+G11),"0") -> 0 | AL11: =IFERROR(AK11*AJ11*AI11,"0") -> 0
A12: =A11+1 -> 45968 | B12: =A12 -> 45968 | C12: Morning | D12: Conveyor Belt | I12: =IF(E12<>"",30,0) -> 0 | J12: =H12-AH12 -> 0 | Z12: =IF(E12<>"",30,0) -> 0 | AH12: =SUM(K12:AG12) -> 0 | AI12: =IFERROR(J12/H12,"0") -> 0 | AJ12: =IFERROR(F12/E12,"0") -> 0 | AK12: =IFERROR(F12/(F12+G12),"0") -> 0 | AL12: =IFERROR(AK12*AJ12*AI12,"0") -> 0
A13: =A12+1 -> 45969 | B13: =A13 -> 45969 | C13: Morning | D13: Conveyor Belt | I13: =IF(E13<>"",30,0) -> 0 | J13: =H13-AH13 -> 0 | Z13: =IF(E13<>"",30,0) -> 0 | AH13: =SUM(K13:AG13) -> 0 | AI13: =IFERROR(J13/H13,"0") -> 0 | AJ13: =IFERROR(F13/E13,"0") -> 0 | AK13: =IFERROR(F13/(F13+G13),"0") -> 0 | AL13: =IFERROR(AK13*AJ13*AI13,"0") -> 0
A14: =A13+1 -> 45970 | B14: =A14 -> 45970 | C14: Morning | D14: Conveyor Belt | I14: =IF(E14<>"",30,0) -> 0 | J14: =H14-AH14 -> 0 | Z14: =IF(E14<>"",30,0) -> 0 | AH14: =SUM(K14:AG14) -> 0 | AI14: =IFERROR(J14/H14,"0") -> 0 | AJ14: =IFERROR(F14/E14,"0") -> 0 | AK14: =IFERROR(F14/(F14+G14),"0") -> 0 | AL14: =IFERROR(AK14*AJ14*AI14,"0") -> 0
A15: =A14+1 -> 45971 | B15: =A15 -> 45971 | C15: Morning | D15: Conveyor Belt | I15: =IF(E15<>"",30,0) -> 0 | J15: =H15-AH15 -> 0 | Z15: =IF(E15<>"",30,0) -> 0 | AH15: =SUM(K15:AG15) -> 0 | AI15: =IFERROR(J15/H15,"0") -> 0 | AJ15: =IFERROR(F15/E15,"0") -> 0 | AK15: =IFERROR(F15/(F15+G15),"0") -> 0 | AL15: =IFERROR(AK15*AJ15*AI15,"0") -> 0
A16: =A15+1 -> 45972 | B16: =A16 -> 45972 | C16: Morning | D16: Conveyor Belt | I16: =IF(E16<>"",30,0) -> 0 | J16: =H16-AH16 -> 0 | Z16: =IF(E16<>"",30,0) -> 0 | AH16: =SUM(K16:AG16) -> 0 | AI16: =IFERROR(J16/H16,"0") -> 0 | AJ16: =IFERROR(F16/E16,"0") -> 0 | AK16: =IFERROR(F16/(F16+G16),"0") -> 0 | AL16: =IFERROR(AK16*AJ16*AI16,"0") -> 0
A17: =A16+1 -> 45973 | B17: =A17 -> 45973 | C17: Morning | D17: Conveyor Belt | I17: =IF(E17<>"",30,0) -> 0 | J17: =H17-AH17 -> 0 | Z17: =IF(E17<>"",30,0) -> 0 | AH17: =SUM(K17:AG17) -> 0 | AI17: =IFERROR(J17/H17,"0") -> 0 | AJ17: =IFERROR(F17/E17,"0") -> 0 | AK17: =IFERROR(F17/(F17+G17),"0") -> 0 | AL17: =IFERROR(AK17*AJ17*AI17,"0") -> 0
A18: =A17+1 -> 45974 | B18: =A18 -> 45974 | C18: Morning | D18: Conveyor Belt | I18: =IF(E18<>"",30,0) -> 0 | J18: =H18-AH18 -> 0 | Z18: =IF(E18<>"",30,0) -> 0 | AH18: =SUM(K18:AG18) -> 0 | AI18: =IFERROR(J18/H18,"0") -> 0 | AJ18: =IFERROR(F18/E18,"0") -> 0 | AK18: =IFERROR(F18/(F18+G18),"0") -> 0 | AL18: =IFERROR(AK18*AJ18*AI18,"0") -> 0
... A31: =A30+1 -> 45987 | B31: =A31 -> 45987 | C31: Morning | D31: Conveyor Belt | I31: =IF(E31<>"",30,0) -> 0 | J31: =H31-AH31 -> 0 | Z31: =IF(E31<>"",30,0) -> 0 | AH31: =SUM(K31:AG31) -> 0 | AI31: =IFERROR(J31/H31,"0") -> 0 | AJ31: =IFERROR(F31/E31,"0") -> 0 | AK31: =IFERROR(F31/(F31+G31),"0") -> 0 | AL31: =IFERROR(AK31*AJ31*AI31,"0") -> 0
A32: =A31+1 -> 45988 | B32: =A32 -> 45988 | C32: Morning | D32: Conveyor Belt | E32: 400 | F32: 400 | H32: 480 | I32: =IF(E32<>"",30,0) -> 30 | J32: =H32-AH32 -> 450 | Z32: =IF(E32<>"",30,0) -> 30 | AH32: =SUM(K32:AG32) -> 30 | AI32: =IFERROR(J32/H32,"0") -> 0.9375 | AJ32: =IFERROR(F32/E32,"0") -> 1 | AK32: =IFERROR(F32/(F32+G32),"0") -> 1 | AL32: =IFERROR(AK32*AJ32*AI32,"0") -> 0.9375
A33: =A32+1 -> 45989 | B33: =A33 -> 45989 | C33: Morning | D33: Conveyor Belt | E33: 400 | F33: 400 | H33: 480 | I33: =IF(E33<>"",30,0) -> 30 | J33: =H33-AH33 -> 450 | Z33: =IF(E33<>"",30,0) -> 30 | AH33: =SUM(K33:AG33) -> 30 | AI33: =IFERROR(J33/H33,"0") -> 0.9375 | AJ33: =IFERROR(F33/E33,"0") -> 1 | AK33: =IFERROR(F33/(F33+G33),"0") -> 1 | AL33: =IFERROR(AK33*AJ33*AI33,"0") -> 0.9375
A34: =A33+1 -> 45990 | B34: =A34 -> 45990 | C34: Morning | D34: Conveyor Belt | E34: 400 | F34: 400 | H34: 480 | I34: =IF(E34<>"",30,0) -> 30 | J34: =H34-AH34 -> 450 | Z34: =IF(E34<>"",30,0) -> 30 | AH34: =SUM(K34:AG34) -> 30 | AI34: =IFERROR(J34/H34,"0") -> 0.9375 | AJ34: =IFERROR(F34/E34,"0") -> 1 | AK34: =IFERROR(F34/(F34+G34),"0") -> 1 | AL34: =IFERROR(AK34*AJ34*AI34,"0") -> 0.9375
A35: =A34+1 -> 45991 | B35: =A35 -> 45991 | C35: Morning | D35: Conveyor Belt | E35: 300 | F35: 300 | H35: 480 | I35: =IF(E35<>"",30,0) -> 30 | J35: =H35-AH35 -> 450 | Z35: =IF(E35<>"",30,0) -> 30 | AH35: =SUM(K35:AG35) -> 30 | AI35: =IFERROR(J35/H35,"0") -> 0.9375 | AJ35: =IFERROR(F35/E35,"0") -> 1 | AK35: =IFERROR(F35/(F35+G35),"0") -> 1 | AL35: =IFERROR(AK35*AJ35*AI35,"0") -> 0.9375
A36: =A35+1 -> 45992 | B36: =A36 -> 45992 | C36: Morning | D36: Conveyor Belt | E36: 386 | F36: 386 | H36: 480 | I36: =IF(E36<>"",30,0) -> 30 | J36: =H36-AH36 -> 450 | Z36: =IF(E36<>"",30,0) -> 30 | AH36: =SUM(K36:AG36) -> 30 | AI36: =IFERROR(J36/H36,"0") -> 0.9375 | AJ36: =IFERROR(F36/E36,"0") -> 1 | AK36: =IFERROR(F36/(F36+G36),"0") -> 1 | AL36: =IFERROR(AK36*AJ36*AI36,"0") -> 0.9375
A37: Total: | E37: =SUM(E6:E36) -> 1886 | F37: =SUM(F6:F36) -> 1886 | G37: =SUM(G6:G36) -> 0 | H37: =SUM(H6:H36) -> 2400 | I37: =SUM(I7:I36) -> 150 | J37: =SUM(J6:J36) -> 2250 | K37: =SUM(K6:K36) -> 0 | L37: =SUM(L6:L36) -> 0 | M37: =SUM(M6:M36) -> 0 | N37: =SUM(N6:N36) -> 0 | O37: =SUM(O6:O36) -> 0 | P37: =SUM(P6:P36) -> 0 | Q37: =SUM(Q6:Q36) -> 0 | ... AH37: =SUM(AH6:AH36) -> 150 | AI37: =IFERROR(J37/H37,0) -> 0.9375 | AJ37: =IFERROR(F37/E37,0) -> 1 | AK37: =IFERROR(F37/(F37+G37),0) -> 1 | AL37: =IFERROR(AK37*AJ37*AI37,0) -> 0.9375

Sheet Fan Lathe
A1: MEP FAN LTD.
A2: Production Performance Analysis Report
A3: ="Fan Lathe ("&TEXT('Fan Lathe'!AM3,"mmmm yyyy")&")" -> Fan Lathe (January 2026) | AM3: 46023 | AN3: 46023 | AO3: 46054 | AP3: 46082 | AQ3: 46113 | AR3: 46143 | AS3: 46174 | AT3: 46204 | AU3: 46235 | AV3: 46266 | AW3: 46296 | AX3: 46327 | AY3: 46357
K4: 10 | L4: 11 | M4: 12 | N4: 13 | O4: 14 | P4: 15 | Q4: 16 | R4: 17 | S4: 18 | T4: 19 | U4: 20 | V4: 21 | W4: 22 | X4: 23 | Y4: 24 | Z4: 25 | AA4: 26 | AB4: 27 | AC4: 28 | AD4: 29 | AE4: 30 | AF4: 31 | AG4: 32
A5: Date | B5: Day | C5: Shift | D5: Machine Name | E5: Machine Capacity (Pcs) | F5: Actual Prd. (Pcs) | G5: Rejection (Pcs) | H5: Planned Prd. Time (Min) | I5: Expected DownTime (Min) | J5: Total Prd. Run Time (Min) | K5: Heater/Coil Problem | L5: Power Shutdown | M5: Machine Breakdown | N5: Die/ Mold Problem | O5: Model/ Die Change | P5: Air Presser Problem | Q5: Water line Problem | R5: Lift Problem | S5: D Coil Insert | T5: RM Shortage | U5: Crean Problem | V5: Worker Absent | W5: Printer M/C Problem | X5: UPS shutdown | Y5: Load Problem | Z5: Namaz | AA5: Conveyor Belt Problem | AB5: Fitting Problem | AC5: Gas Presser Problem | AD5: Mold polish & Clean | AE5: Alu. Ash Extraction | AF5: Robot Problems | AG5: Alu. Recipe Problem | AH5: Total Down Time (Mins) | AI5: Availability (%) | AJ5: Performance (%) | AK5: Quality (%) | AL5: OEE (%) | AM5: Remarks
A6: =AM3 -> 46023 | B6: =A6 -> 46023 | C6: Morning | D6: Rotor (CNC) | E6: 2000 | F6: 390 | G6: 0 | H6: 660 | I6: =IF(E6<>"",30,0) -> 30 | J6: =H6-AH6 -> 129 | M6: 501 | Z6: 30 | AH6: =SUM(K6:AG6) -> 531 | AI6: =IFERROR(J6/H6,"0") -> 0.19545455 | AJ6: =IFERROR(F6/E6,"0") -> 0.195 | AK6: =IFERROR(F6/(F6+G6),"0") -> 1 | AL6: =IFERROR(AK6*AJ6*AI6,"0") -> 0.038113636 | AM6: No need Rotor Production
C7: Morning | D7: Bottom Cover (CNC) | E7: 3000 | F7: 2960 | G7: 7 | H7: 660 | I7: =IF(E7<>"",30,0) -> 30 | J7: =H7-AH7 -> 651 | M7: 9 | Z7: 0 | AH7: =SUM(K7:AG7) -> 9 | AI7: =IFERROR(J7/H7,"0") -> 0.98636364 | AJ7: =IFERROR(F7/E7,"0") -> 0.98666667 | AK7: =IFERROR(F7/(F7+G7),"0") -> 0.99764071 | AL7: =IFERROR(AK7*AJ7*AI7,"0") -> 0.97091604
C8: Morning | D8: Top Cover (CNC) | E8: 3000 | F8: 1810 | G8: 5 | H8: 660 | I8: =IF(E8<>"",30,0) -> 30 | J8: =H8-AH8 -> 298 | M8: 332 | Z8: 30 | AH8: =SUM(K8:AG8) -> 362 | AI8: =IFERROR(J8/H8,"0") -> 0.45151515 | AJ8: =IFERROR(F8/E8,"0") -> 0.60333333 | AK8: =IFERROR(F8/(F8+G8),"0") -> 0.99724518 | AL8: =IFERROR(AK8*AJ8*AI8,"0") -> 0.27166369 | AM8: Not abailable Man power
A9: =A6+1 -> 46024 | B9: =A9 -> 46024 | C9: Morning | D9: Rotor (CNC) | E9: 1450 | F9: 1000 | G9: 0 | H9: 480 | I9: =IF(E9<>"",30,0) -> 30 | J9: =H9-AH9 -> 331 | M9: 119 | Z9: 30 | AH9: =SUM(K9:AG9) -> 149 | AI9: =IFERROR(J9/H9,"0") -> 0.68958333 | AJ9: =IFERROR(F9/E9,"0") -> 0.68965517 | AK9: =IFERROR(F9/(F9+G9),"0") -> 1 | AL9: =IFERROR(AK9*AJ9*AI9,"0") -> 0.47557471 | AM9: Not abailable Operator
C10: Morning | D10: Bottom Cover (CNC) | E10: 2200 | F10: 1504 | G10: 8 | H10: 480 | I10: =IF(E10<>"",30,0) -> 30 | J10: =H10-AH10 -> 328 | M10: 122 | Z10: 30 | AH10: =SUM(K10:AG10) -> 152 | AI10: =IFERROR(J10/H10,"0") -> 0.68333333 | AJ10: =IFERROR(F10/E10,"0") -> 0.68363636 | AK10: =IFERROR(F10/(F10+G10),"0") -> 0.99470899 | AL10: =IFERROR(AK10*AJ10*AI10,"0") -> 0.46467981
C11: Morning | D11: Top Cover (CNC) | E11: 2200 | F11: 500 | G11: 1 | H11: 480 | I11: =IF(E11<>"",30,0) -> 30 | J11: =H11-AH11 -> 109 | M11: 341 | Z11: 30 | AH11: =SUM(K11:AG11) -> 371 | AI11: =IFERROR(J11/H11,"0") -> 0.22708333 | AJ11: =IFERROR(F11/E11,"0") -> 0.22727273 | AK11: =IFERROR(F11/(F11+G11),"0") -> 0.99800399 | AL11: =IFERROR(AK11*AJ11*AI11,"0") -> 0.051506835 | AM11: Not abailable Man power
A12: =A9+1 -> 46025 | B12: =A12 -> 46025 | C12: Morning | D12: Rotor (CNC) | E12: 2000 | F12: 1720 | G12: 0 | H12: 660 | I12: =IF(E12<>"",30,0) -> 30 | J12: =H12-AH12 -> 568 | M12: 62 | Z12: 30 | AH12: =SUM(K12:AG12) -> 92 | AI12: =IFERROR(J12/H12,"0") -> 0.86060606 | AJ12: =IFERROR(F12/E12,"0") -> 0.86 | AK12: =IFERROR(F12/(F12+G12),"0") -> 1 | AL12: =IFERROR(AK12*AJ12*AI12,"0") -> 0.74012121
C13: Morning | D13: Bottom Cover (CNC) | E13: 3000 | F13: 1700 | G13: 21 | H13: 660 | I13: =IF(E13<>"",30,0) -> 30 | J13: =H13-AH13 -> 374 | M13: 256 | Z13: 30 | AH13: =SUM(K13:AG13) -> 286 | AI13: =IFERROR(J13/H13,"0") -> 0.56666667 | AJ13: =IFERROR(F13/E13,"0") -> 0.56666667 | AK13: =IFERROR(F13/(F13+G13),"0") -> 0.98779779 | AL13: =IFERROR(AK13*AJ13*AI13,"0") -> 0.31719285 | AM13: Not abailable Man power
C14: Morning | D14: Top Cover (CNC) | E14: 3000 | F14: 1900 | G14: 19 | H14: 660 | I14: =IF(E14<>"",30,0) -> 30 | J14: =H14-AH14 -> 418 | M14: 212 | Z14: 30 | AH14: =SUM(K14:AG14) -> 242 | AI14: =IFERROR(J14/H14,"0") -> 0.63333333 | AJ14: =IFERROR(F14/E14,"0") -> 0.63333333 | AK14: =IFERROR(F14/(F14+G14),"0") -> 0.99009901 | AL14: =IFERROR(AK14*AJ14*AI14,"0") -> 0.39713971 | AM14: Not abailable Man power
A15: =A12+1 -> 46026 | B15: =A15 -> 46026 | C15: Morning | D15: Rotor (CNC) | E15: 2000 | F15: 1650 | G15: 0 | H15: 660 | I15: =IF(E15<>"",30,0) -> 30 | J15: =H15-AH15 -> 544 | M15: 86 | Z15: 30 | AH15: =SUM(K15:AG15) -> 116 | AI15: =IFERROR(J15/H15,"0") -> 0.82424242 | AJ15: =IFERROR(F15/E15,"0") -> 0.825 | AK15: =IFERROR(F15/(F15+G15),"0") -> 1 | AL15: =IFERROR(AK15*AJ15*AI15,"0") -> 0.68 | AM15: Not abailable Operator
C16: Morning | D16: Bottom Cover (CNC) | E16: 3000 | F16: 1630 | G16: 28 | H16: 660 | I16: =IF(E16<>"",30,0) -> 30 | J16: =H16-AH16 -> 361 | M16: 269 | Z16: 30 | AH16: =SUM(K16:AG16) -> 299 | AI16: =IFERROR(J16/H16,"0") -> 0.5469697 | AJ16: =IFERROR(F16/E16,"0") -> 0.54333333 | AK16: =IFERROR(F16/(F16+G16),"0") -> 0.98311218 | AL16: =IFERROR(AK16*AJ16*AI16,"0") -> 0.29216803
C17: Morning | D17: Top Cover (CNC) | E17: 3000 | F17: 1168 | G17: 5 | H17: 660 | I17: =IF(E17<>"",30,0) -> 30 | J17: =H17-AH17 -> 243 | M17: 387 | Z17: 30 | AH17: =SUM(K17:AG17) -> 417 | AI17: =IFERROR(J17/H17,"0") -> 0.36818182 | AJ17: =IFERROR(F17/E17,"0") -> 0.38933333 | AK17: =IFERROR(F17/(F17+G17),"0") -> 0.99573743 | AL17: =IFERROR(AK17*AJ17*AI17,"0") -> 0.14273443 | AM17: Not abailable Man power
A18: =A15+1 -> 46027 | B18: =A18 -> 46027 | C18: Morning | D18: Rotor (CNC) | E18: 2000 | F18: 1200 | G18: 0 | H18: 660 | I18: =IF(E18<>"",30,0) -> 30 | J18: =H18-AH18 -> 396 | M18: 234 | Z18: 30 | AH18: =SUM(K18:AG18) -> 264 | AI18: =IFERROR(J18/H18,"0") -> 0.6 | AJ18: =IFERROR(F18/E18,"0") -> 0.6 | AK18: =IFERROR(F18/(F18+G18),"0") -> 1 | AL18: =IFERROR(AK18*AJ18*AI18,"0") -> 0.36 | AM18: Not abailable Operator
C19: Morning | D19: Bottom Cover (CNC) | E19: 3000 | F19: 1235 | G19: 13 | H19: 660 | I19: =IF(E19<>"",30,0) -> 30 | J19: =H19-AH19 -> 372 | M19: 258 | Z19: 30 | AH19: =SUM(K19:AG19) -> 288 | AI19: =IFERROR(J19/H19,"0") -> 0.56363636 | AJ19: =IFERROR(F19/E19,"0") -> 0.41166667 | AK19: =IFERROR(F19/(F19+G19),"0") -> 0.98958333 | AL19: =IFERROR(AK19*AJ19*AI19,"0") -> 0.22961332 | AM19: Not abailable Operator
C20: Morning | D20: Top Cover (CNC) | E20: 3000 | F20: 513 | G20: 3 | H20: 660 | I20: =IF(E20<>"",30,0) -> 30 | J20: =H20-AH20 -> 114 | M20: 516 | Z20: 30 | AH20: =SUM(K20:AG20) -> 546 | AI20: =IFERROR(J20/H20,"0") -> 0.17272727 | AJ20: =IFERROR(F20/E20,"0") -> 0.171 | AK20: =IFERROR(F20/(F20+G20),"0") -> 0.99418605 | AL20: =IFERROR(AK20*AJ20*AI20,"0") -> 0.029364641 | AM20: Not abailable Man power
A21: =A18+1 -> 46028 | B21: =A21 -> 46028 | C21: Morning | D21: Rotor (CNC) | E21: 2000 | F21: 1700 | G21: 0 | H21: 660 | I21: =IF(E21<>"",30,0) -> 30 | J21: =H21-AH21 -> 561 | M21: 69 | Z21: 30 | AH21: =SUM(K21:AG21) -> 99 | AI21: =IFERROR(J21/H21,"0") -> 0.85 | AJ21: =IFERROR(F21/E21,"0") -> 0.85 | AK21: =IFERROR(F21/(F21+G21),"0") -> 1 | AL21: =IFERROR(AK21*AJ21*AI21,"0") -> 0.7225 | AM21: Not abailable Operator
C22: Morning | D22: Bottom Cover (CNC) | E22: 3000 | F22: 1883 | G22: 7 | H22: 660 | I22: =IF(E22<>"",30,0) -> 30 | J22: =H22-AH22 -> 414 | M22: 216 | Z22: 30 | AH22: =SUM(K22:AG22) -> 246 | AI22: =IFERROR(J22/H22,"0") -> 0.62727273 | AJ22: =IFERROR(F22/E22,"0") -> 0.62766667 | AK22: =IFERROR(F22/(F22+G22),"0") -> 0.9962963 | AL22: =IFERROR(AK22*AJ22*AI22,"0") -> 0.39225997 | AM22: Not abailable Man power
C23: Morning | D23: Top Cover (CNC) | E23: 3000 | F23: 1190 | G23: 26 | H23: 660 | I23: =IF(E23<>"",30,0) -> 30 | J23: =H23-AH23 -> 262 | M23: 368 | Z23: 30 | AH23: =SUM(K23:AG23) -> 398 | AI23: =IFERROR(J23/H23,"0") -> 0.3969697 | AJ23: =IFERROR(F23/E23,"0") -> 0.39666667 | AK23: =IFERROR(F23/(F23+G23),"0") -> 0.97861842 | AL23: =IFERROR(AK23*AJ23*AI23,"0") -> 0.1540978 | AM23: Not abailable Man power
A24: =A21+1 -> 46029 | B24: =A24 -> 46029 | C24: Morning | D24: Rotor (CNC) | E24: 2000 | F24: 720 | G24: 0 | H24: 660 | I24: =IF(E24<>"",30,0) -> 30 | J24: =H24-AH24 -> 240 | M24: 390 | Z24: 30 | AH24: =SUM(K24:AG24) -> 420 | AI24: =IFERROR(J24/H24,"0") -> 0.36363636 | AJ24: =IFERROR(F24/E24,"0") -> 0.36 | AK24: =IFERROR(F24/(F24+G24),"0") -> 1 | AL24: =IFERROR(AK24*AJ24*AI24,"0") -> 0.13090909 | AM24: Not abailable Operator
C25: Morning | D25: Bottom Cover (CNC) | E25: 3000 | F25: 2704 | G25: 5 | H25: 660 | I25: =IF(E25<>"",30,0) -> 30 | J25: =H25-AH25 -> 595 | M25: 35 | Z25: 30 | AH25: =SUM(K25:AG25) -> 65 | AI25: =IFERROR(J25/H25,"0") -> 0.90151515 | AJ25: =IFERROR(F25/E25,"0") -> 0.90133333 | AK25: =IFERROR(F25/(F25+G25),"0") -> 0.9981543 | AL25: =IFERROR(AK25*AJ25*AI25,"0") -> 0.8110659
C26: Morning | D26: Top Cover (CNC) | E26: 3000 | F26: 1042 | G26: 5 | H26: 660 | I26: =IF(E26<>"",30,0) -> 30 | J26: =H26-AH26 -> 199 | M26: 431 | Z26: 30 | AH26: =SUM(K26:AG26) -> 461 | AI26: =IFERROR(J26/H26,"0") -> 0.30151515 | AJ26: =IFERROR(F26/E26,"0") -> 0.34733333 | AK26: =IFERROR(F26/(F26+G26),"0") -> 0.99522445 | AL26: =IFERROR(AK26*AJ26*AI26,"0") -> 0.10422614 | AM26: Not abailable Man power
A27: =A24+1 -> 46030 | B27: =A27 -> 46030 | C27: Morning | D27: Rotor (CNC) | E27: 2000 | F27: 600 | H27: 660 | I27: =IF(E27<>"",30,0) -> 30 | J27: =H27-AH27 -> 228 | M27: 402 | Z27: 30 | AH27: =SUM(K27:AG27) -> 432 | AI27: =IFERROR(J27/H27,"0") -> 0.34545455 | AJ27: =IFERROR(F27/E27,"0") -> 0.3 | AK27: =IFERROR(F27/(F27+G27),"0") -> 1 | AL27: =IFERROR(AK27*AJ27*AI27,"0") -> 0.10363636 | AM27: Not abailable Operator
C28: Morning | D28: Bottom Cover (CNC) | E28: 3000 | F28: 1350 | G28: 0 | H28: 660 | I28: =IF(E28<>"",30,0) -> 30 | J28: =H28-AH28 -> 297 | M28: 333 | Z28: 30 | AH28: =SUM(K28:AG28) -> 363 | AI28: =IFERROR(J28/H28,"0") -> 0.45 | AJ28: =IFERROR(F28/E28,"0") -> 0.45 | AK28: =IFERROR(F28/(F28+G28),"0") -> 1 | AL28: =IFERROR(AK28*AJ28*AI28,"0") -> 0.2025 | AM28: Not abailable Man power
C29: Morning | D29: Top Cover (CNC) | E29: 3000 | F29: 1200 | G29: 8 | H29: 660 | I29: =IF(E29<>"",30,0) -> 30 | J29: =H29-AH29 -> 266 | M29: 364 | Z29: 30 | AH29: =SUM(K29:AG29) -> 394 | AI29: =IFERROR(J29/H29,"0") -> 0.4030303 | AJ29: =IFERROR(F29/E29,"0") -> 0.4 | AK29: =IFERROR(F29/(F29+G29),"0") -> 0.99337748 | AL29: =IFERROR(AK29*AJ29*AI29,"0") -> 0.16014449 | AM29: Not abailable Man power
A30: =A27+1 -> 46031 | B30: =A30 -> 46031 | C30: Morning | D30: Rotor (CNC) | I30: =IF(E30<>"",30,0) -> 0 | J30: =H30-AH30 -> 0 | AH30: =SUM(K30:AG30) -> 0 | AI30: =IFERROR(J30/H30,"0") -> 0 | AJ30: =IFERROR(F30/E30,"0") -> 0 | AK30: =IFERROR(F30/(F30+G30),"0") -> 0 | AL30: =IFERROR(AK30*AJ30*AI30,"0") -> 0
C31: Morning | D31: Bottom Cover (CNC) | I31: =IF(E31<>"",30,0) -> 0 | J31: =H31-AH31 -> 0 | AH31: =SUM(K31:AG31) -> 0 | AI31: =IFERROR(J31/H31,"0") -> 0 | AJ31: =IFERROR(F31/E31,"0") -> 0 | AK31: =IFERROR(F31/(F31+G31),"0") -> 0 | AL31: =IFERROR(AK31*AJ31*AI31,"0") -> 0
C32: Morning | D32: Top Cover (CNC) | I32: =IF(E32<>"",30,0) -> 0 | J32: =H32-AH32 -> 0 | AH32: =SUM(K32:AG32) -> 0 | AI32: =IFERROR(J32/H32,"0") -> 0 | AJ32: =IFERROR(F32/E32,"0") -> 0 | AK32: =IFERROR(F32/(F32+G32),"0") -> 0 | AL32: =IFERROR(AK32*AJ32*AI32,"0") -> 0
A33: =A30+1 -> 46032 | B33: =A33 -> 46032 | C33: Morning | D33: Rotor (CNC) | E33: 2000 | F33: 600 | G33: 0 | H33: 660 | I33: =IF(E33<>"",30,0) -> 30 | J33: =H33-AH33 -> 228 | M33: 402 | Z33: 30 | AH33: =SUM(K33:AG33) -> 432 | AI33: =IFERROR(J33/H33,"0") -> 0.34545455 | AJ33: =IFERROR(F33/E33,"0") -> 0.3 | AK33: =IFERROR(F33/(F33+G33),"0") -> 1 | AL33: =IFERROR(AK33*AJ33*AI33,"0") -> 0.10363636 | AM33: Not abailable Operator
C34: Morning | D34: Bottom Cover (CNC) | E34: 3000 | F34: 950 | G34: 3 | H34: 660 | I34: =IF(E34<>"",30,0) -> 30 | J34: =H34-AH34 -> 209 | M34: 421 | Z34: 30 | AH34: =SUM(K34:AG34) -> 451 | AI34: =IFERROR(J34/H34,"0") -> 0.31666667 | AJ34: =IFERROR(F34/E34,"0") -> 0.31666667 | AK34: =IFERROR(F34/(F34+G34),"0") -> 0.99685205 | AL34: =IFERROR(AK34*AJ34*AI34,"0") -> 0.099962108 | AM34: Not abailable Man power
C35: Morning | D35: Top Cover (CNC) | E35: 3000 | F35: 1410 | G35: 13 | H35: 660 | I35: =IF(E35<>"",30,0) -> 30 | J35: =H35-AH35 -> 310 | M35: 320 | Z35: 30 | AH35: =SUM(K35:AG35) -> 350 | AI35: =IFERROR(J35/H35,"0") -> 0.46969697 | AJ35: =IFERROR(F35/E35,"0") -> 0.47 | AK35: =IFERROR(F35/(F35+G35),"0") -> 0.99086437 | AL35: =IFERROR(AK35*AJ35*AI35,"0") -> 0.21874082 | AM35: Not abailable Man power
A36: =A33+1 -> 46033 | B36: =A36 -> 46033 | C36: Morning | D36: Rotor (CNC) | E36: 2000 | F36: 800 | G36: 0 | H36: 660 | I36: =IF(E36<>"",30,0) -> 30 | J36: =H36-AH36 -> 264 | M36: 366 | Z36: 30 | AH36: =SUM(K36:AG36) -> 396 | AI36: =IFERROR(J36/H36,"0") -> 0.4 | AJ36: =IFERROR(F36/E36,"0") -> 0.4 | AK36: =IFERROR(F36/(F36+G36),"0") -> 1 | AL36: =IFERROR(AK36*AJ36*AI36,"0") -> 0.16 | AM36: Not abailable Operator
C37: Morning | D37: Bottom Cover (CNC) | E37: 3000 | F37: 1470 | G37: 1 | H37: 660 | I37: =IF(E37<>"",30,0) -> 30 | J37: =H37-AH37 -> 323 | M37: 307 | Z37: 30 | AH37: =SUM(K37:AG37) -> 337 | AI37: =IFERROR(J37/H37,"0") -> 0.48939394 | AJ37: =IFERROR(F37/E37,"0") -> 0.49 | AK37: =IFERROR(F37/(F37+G37),"0") -> 0.99932019 | AL37: =IFERROR(AK37*AJ37*AI37,"0") -> 0.23964001 | AM37: Not abailable Man power
C38: Morning | D38: Top Cover (CNC) | E38: 3000 | F38: 1040 | G38: 5 | H38: 660 | I38: =IF(E38<>"",30,0) -> 30 | J38: =H38-AH38 -> 199 | M38: 431 | Z38: 30 | AH38: =SUM(K38:AG38) -> 461 | AI38: =IFERROR(J38/H38,"0") -> 0.30151515 | AJ38: =IFERROR(F38/E38,"0") -> 0.34666667 | AK38: =IFERROR(F38/(F38+G38),"0") -> 0.99521531 | AL38: =IFERROR(AK38*AJ38*AI38,"0") -> 0.10402513 | AM38: Not abailable Man power
A39: =A36+1 -> 46034 | B39: =A39 -> 46034 | C39: Morning | D39: Rotor (CNC) | E39: 2000 | F39: 1361 | G39: 0 | H39: 660 | I39: =IF(E39<>"",30,0) -> 30 | J39: =H39-AH39 -> 479 | M39: 151 | Z39: 30 | AH39: =SUM(K39:AG39) -> 181 | AI39: =IFERROR(J39/H39,"0") -> 0.72575758 | AJ39: =IFERROR(F39/E39,"0") -> 0.6805 | AK39: =IFERROR(F39/(F39+G39),"0") -> 1 | AL39: =IFERROR(AK39*AJ39*AI39,"0") -> 0.49387803 | AM39: Not abailable Operator
C40: Morning | D40: Bottom Cover (CNC) | E40: 3000 | F40: 1030 | G40: 1 | H40: 660 | I40: =IF(E40<>"",30,0) -> 30 | J40: =H40-AH40 -> 227 | M40: 403 | Z40: 30 | AH40: =SUM(K40:AG40) -> 433 | AI40: =IFERROR(J40/H40,"0") -> 0.34393939 | AJ40: =IFERROR(F40/E40,"0") -> 0.34333333 | AK40: =IFERROR(F40/(F40+G40),"0") -> 0.99903007 | AL40: =IFERROR(AK40*AJ40*AI40,"0") -> 0.11797132 | AM40: Not abailable Man power
C41: Morning | D41: Top Cover (CNC) | E41: 3000 | F41: 1550 | G41: 2 | H41: 660 | I41: =IF(E41<>"",30,0) -> 30 | J41: =H41-AH41 -> 341 | M41: 289 | Z41: 30 | AH41: =SUM(K41:AG41) -> 319 | AI41: =IFERROR(J41/H41,"0") -> 0.51666667 | AJ41: =IFERROR(F41/E41,"0") -> 0.51666667 | AK41: =IFERROR(F41/(F41+G41),"0") -> 0.99871134 | AL41: =IFERROR(AK41*AJ41*AI41,"0") -> 0.26660044 | AM41: Not abailable Man power
A42: =A39+1 -> 46035 | B42: =A42 -> 46035 | C42: Morning | D42: Rotor (CNC) | E42: 2000 | F42: 1500 | G42: 0 | H42: 660 | I42: =IF(E42<>"",30,0) -> 30 | J42: =H42-AH42 -> 330 | M42: 300 | Z42: 30 | AH42: =SUM(K42:AG42) -> 330 | AI42: =IFERROR(J42/H42,"0") -> 0.5 | AJ42: =IFERROR(F42/E42,"0") -> 0.75 | AK42: =IFERROR(F42/(F42+G42),"0") -> 1 | AL42: =IFERROR(AK42*AJ42*AI42,"0") -> 0.375 | AM42: Not abailable Operator
C43: Morning | D43: Bottom Cover (CNC) | E43: 3000 | F43: 1750 | G43: 1 | H43: 660 | I43: =IF(E43<>"",30,0) -> 30 | J43: =H43-AH43 -> 385 | M43: 245 | Z43: 30 | AH43: =SUM(K43:AG43) -> 275 | AI43: =IFERROR(J43/H43,"0") -> 0.58333333 | AJ43: =IFERROR(F43/E43,"0") -> 0.58333333 | AK43: =IFERROR(F43/(F43+G43),"0") -> 0.9994289 | AL43: =IFERROR(AK43*AJ43*AI43,"0") -> 0.34008344 | AM43: Not abailable Man power
C44: Morning | D44: Top Cover (CNC) | E44: 3000 | F44: 1780 | G44: 7 | H44: 660 | I44: =IF(E44<>"",30,0) -> 30 | J44: =H44-AH44 -> 392 | M44: 238 | Z44: 30 | AH44: =SUM(K44:AG44) -> 268 | AI44: =IFERROR(J44/H44,"0") -> 0.59393939 | AJ44: =IFERROR(F44/E44,"0") -> 0.59333333 | AK44: =IFERROR(F44/(F44+G44),"0") -> 0.99608282 | AL44: =IFERROR(AK44*AJ44*AI44,"0") -> 0.35102361 | AM44: Not abailable Man power
A45: =A42+1 -> 46036 | B45: =A45 -> 46036 | C45: Morning | D45: Rotor (CNC) | E45: 2000 | F45: 1600 | G45: 0 | H45: 660 | I45: =IF(E45<>"",30,0) -> 30 | J45: =H45-AH45 -> 528 | M45: 102 | Z45: 30 | AH45: =SUM(K45:AG45) -> 132 | AI45: =IFERROR(J45/H45,"0") -> 0.8 | AJ45: =IFERROR(F45/E45,"0") -> 0.8 | AK45: =IFERROR(F45/(F45+G45),"0") -> 1 | AL45: =IFERROR(AK45*AJ45*AI45,"0") -> 0.64 | AM45: Not abailable Operator
C46: Morning | D46: Bottom Cover (CNC) | E46: 3000 | F46: 1400 | G46: 2 | H46: 660 | I46: =IF(E46<>"",30,0) -> 30 | J46: =H46-AH46 -> 308 | M46: 322 | Z46: 30 | AH46: =SUM(K46:AG46) -> 352 | AI46: =IFERROR(J46/H46,"0") -> 0.46666667 | AJ46: =IFERROR(F46/E46,"0") -> 0.46666667 | AK46: =IFERROR(F46/(F46+G46),"0") -> 0.99857347 | AL46: =IFERROR(AK46*AJ46*AI46,"0") -> 0.21746711 | AM46: Not abailable Man power
C47: Morning | D47: Top Cover (CNC) | E47: 3000 | F47: 1540 | G47: 2 | H47: 660 | I47: =IF(E47<>"",30,0) -> 30 | J47: =H47-AH47 -> 339 | M47: 291 | Z47: 30 | AH47: =SUM(K47:AG47) -> 321 | AI47: =IFERROR(J47/H47,"0") -> 0.51363636 | AJ47: =IFERROR(F47/E47,"0") -> 0.51333333 | AK47: =IFERROR(F47/(F47+G47),"0") -> 0.99870298 | AL47: =IFERROR(AK47*AJ47*AI47,"0") -> 0.26332469 | AM47: Not abailable Man power
A48: =A45+1 -> 46037 | B48: =A48 -> 46037 | C48: Morning | D48: Rotor (CNC) | E48: 2000 | F48: 680 | G48: 0 | H48: 660 | I48: =IF(E48<>"",30,0) -> 30 | J48: =H48-AH48 -> 224 | M48: 406 | Z48: 30 | AH48: =SUM(K48:AG48) -> 436 | AI48: =IFERROR(J48/H48,"0") -> 0.33939394 | AJ48: =IFERROR(F48/E48,"0") -> 0.34 | AK48: =IFERROR(F48/(F48+G48),"0") -> 1 | AL48: =IFERROR(AK48*AJ48*AI48,"0") -> 0.11539394 | AM48: Not abailable Operator
C49: Morning | D49: Bottom Cover (CNC) | E49: 3000 | F49: 1490 | G49: 2 | H49: 660 | I49: =IF(E49<>"",30,0) -> 30 | J49: =H49-AH49 -> 328 | M49: 302 | Z49: 30 | AH49: =SUM(K49:AG49) -> 332 | AI49: =IFERROR(J49/H49,"0") -> 0.4969697 | AJ49: =IFERROR(F49/E49,"0") -> 0.49666667 | AK49: =IFERROR(F49/(F49+G49),"0") -> 0.99865952 | AL49: =IFERROR(AK49*AJ49*AI49,"0") -> 0.24649741 | AM49: Not abailable Man power
C50: Morning | D50: Top Cover (CNC) | E50: 3000 | F50: 2150 | G50: 14 | H50: 660 | I50: =IF(E50<>"",30,0) -> 30 | J50: =H50-AH50 -> 473 | M50: 157 | Z50: 30 | AH50: =SUM(K50:AG50) -> 187 | AI50: =IFERROR(J50/H50,"0") -> 0.71666667 | AJ50: =IFERROR(F50/E50,"0") -> 0.71666667 | AK50: =IFERROR(F50/(F50+G50),"0") -> 0.9935305 | AL50: =IFERROR(AK50*AJ50*AI50,"0") -> 0.5102883 | AM50: Not abailable Man power
A51: =A48+1 -> 46038 | B51: =A51 -> 46038 | C51: Morning | D51: Rotor (CNC) | E51: 1450 | F51: 1120 | G51: 0 | H51: 480 | I51: =IF(E51<>"",30,0) -> 30 | J51: =H51-AH51 -> 371 | M51: 79 | Z51: 30 | AH51: =SUM(K51:AG51) -> 109 | AI51: =IFERROR(J51/H51,"0") -> 0.77291667 | AJ51: =IFERROR(F51/E51,"0") -> 0.77241379 | AK51: =IFERROR(F51/(F51+G51),"0") -> 1 | AL51: =IFERROR(AK51*AJ51*AI51,"0") -> 0.59701149
C52: Morning | D52: Bottom Cover (CNC) | E52: 2200 | F52: 970 | G52: 0 | H52: 480 | I52: =IF(E52<>"",30,0) -> 30 | J52: =H52-AH52 -> 212 | M52: 238 | Z52: 30 | AH52: =SUM(K52:AG52) -> 268 | AI52: =IFERROR(J52/H52,"0") -> 0.44166667 | AJ52: =IFERROR(F52/E52,"0") -> 0.44090909 | AK52: =IFERROR(F52/(F52+G52),"0") -> 1 | AL52: =IFERROR(AK52*AJ52*AI52,"0") -> 0.19473485 | AM52: Not abailable Man power
C53: Morning | D53: Top Cover (CNC) | E53: 2200 | F53: 1140 | G53: 0 | H53: 480 | I53: =IF(E53<>"",30,0) -> 30 | J53: =H53-AH53 -> 249 | M53: 201 | Z53: 30 | AH53: =SUM(K53:AG53) -> 231 | AI53: =IFERROR(J53/H53,"0") -> 0.51875 | AJ53: =IFERROR(F53/E53,"0") -> 0.51818182 | AK53: =IFERROR(F53/(F53+G53),"0") -> 1 | AL53: =IFERROR(AK53*AJ53*AI53,"0") -> 0.26880682 | AM53: Not abailable Man power
A54: =A51+1 -> 46039 | B54: =A54 -> 46039 | C54: Morning | D54: Rotor (CNC) | E54: 2000 | F54: 1700 | H54: 660 | I54: =IF(E54<>"",30,0) -> 30 | J54: =H54-AH54 -> 561 | M54: 69 | Z54: 30 | AH54: =SUM(K54:AG54) -> 99 | AI54: =IFERROR(J54/H54,"0") -> 0.85 | AJ54: =IFERROR(F54/E54,"0") -> 0.85 | AK54: =IFERROR(F54/(F54+G54),"0") -> 1 | AL54: =IFERROR(AK54*AJ54*AI54,"0") -> 0.7225
C55: Morning | D55: Bottom Cover (CNC) | E55: 3000 | F55: 1080 | G55: 2 | H55: 660 | I55: =IF(E55<>"",30,0) -> 30 | J55: =H55-AH55 -> 238 | M55: 392 | Z55: 30 | AH55: =SUM(K55:AG55) -> 422 | AI55: =IFERROR(J55/H55,"0") -> 0.36060606 | AJ55: =IFERROR(F55/E55,"0") -> 0.36 | AK55: =IFERROR(F55/(F55+G55),"0") -> 0.99815157 | AL55: =IFERROR(AK55*AJ55*AI55,"0") -> 0.12957822 | AM55: Not abailable Man power
C56: Morning | D56: Top Cover (CNC) | E56: 3000 | F56: 2550 | G56: 16 | H56: 660 | I56: =IF(E56<>"",30,0) -> 30 | J56: =H56-AH56 -> 561 | M56: 69 | Z56: 30 | AH56: =SUM(K56:AG56) -> 99 | AI56: =IFERROR(J56/H56,"0") -> 0.85 | AJ56: =IFERROR(F56/E56,"0") -> 0.85 | AK56: =IFERROR(F56/(F56+G56),"0") -> 0.99376461 | AL56: =IFERROR(AK56*AJ56*AI56,"0") -> 0.71799493 | AM56: Not abailable Man power
A57: =A54+1 -> 46040 | B57: =A57 -> 46040 | C57: Morning | D57: Rotor (CNC) | E57: 2000 | F57: 1700 | H57: 660 | I57: =IF(E57<>"",30,0) -> 30 | J57: =H57-AH57 -> 561 | M57: 69 | Z57: 30 | AH57: =SUM(K57:AG57) -> 99 | AI57: =IFERROR(J57/H57,"0") -> 0.85 | AJ57: =IFERROR(F57/E57,"0") -> 0.85 | AK57: =IFERROR(F57/(F57+G57),"0") -> 1 | AL57: =IFERROR(AK57*AJ57*AI57,"0") -> 0.7225 | AM57: Not abailable Operator
C58: Morning | D58: Bottom Cover (CNC) | E58: 3000 | F58: 1450 | G58: 9 | H58: 660 | I58: =IF(E58<>"",30,0) -> 30 | J58: =H58-AH58 -> 319 | M58: 311 | Z58: 30 | AH58: =SUM(K58:AG58) -> 341 | AI58: =IFERROR(J58/H58,"0") -> 0.48333333 | AJ58: =IFERROR(F58/E58,"0") -> 0.48333333 | AK58: =IFERROR(F58/(F58+G58),"0") -> 0.99383139 | AL58: =IFERROR(AK58*AJ58*AI58,"0") -> 0.23217006 | AM58: Not abailable Man power
C59: Morning | D59: Top Cover (CNC) | E59: 3000 | F59: 2140 | G59: 4 | H59: 660 | I59: =IF(E59<>"",30,0) -> 30 | J59: =H59-AH59 -> 471 | M59: 159 | Z59: 30 | AH59: =SUM(K59:AG59) -> 189 | AI59: =IFERROR(J59/H59,"0") -> 0.71363636 | AJ59: =IFERROR(F59/E59,"0") -> 0.71333333 | AK59: =IFERROR(F59/(F59+G59),"0") -> 0.99813433 | AL59: =IFERROR(AK59*AJ59*AI59,"0") -> 0.50811087 | AM59: Not abailable Man power
A60: =A57+1 -> 46041 | B60: =A60 -> 46041 | C60: Morning | D60: Rotor (CNC) | E60: 2000 | F60: 1500 | G60: 0 | H60: 660 | I60: =IF(E60<>"",30,0) -> 30 | J60: =H60-AH60 -> 495 | M60: 135 | Z60: 30 | AH60: =SUM(K60:AG60) -> 165 | AI60: =IFERROR(J60/H60,"0") -> 0.75 | AJ60: =IFERROR(F60/E60,"0") -> 0.75 | AK60: =IFERROR(F60/(F60+G60),"0") -> 1 | AL60: =IFERROR(AK60*AJ60*AI60,"0") -> 0.5625 | AM60: Not abailable Operator
C61: Morning | D61: Bottom Cover (CNC) | E61: 3000 | F61: 1060 | G61: 0 | H61: 660 | I61: =IF(E61<>"",30,0) -> 30 | J61: =H61-AH61 -> 233 | M61: 397 | Z61: 30 | AH61: =SUM(K61:AG61) -> 427 | AI61: =IFERROR(J61/H61,"0") -> 0.3530303 | AJ61: =IFERROR(F61/E61,"0") -> 0.35333333 | AK61: =IFERROR(F61/(F61+G61),"0") -> 1 | AL61: =IFERROR(AK61*AJ61*AI61,"0") -> 0.12473737 | AM61: Not abailable Man power
C62: Morning | D62: Top Cover (CNC) | E62: 3000 | F62: 2100 | G62: 9 | H62: 660 | I62: =IF(E62<>"",30,0) -> 30 | J62: =H62-AH62 -> 462 | M62: 168 | Z62: 30 | AH62: =SUM(K62:AG62) -> 198 | AI62: =IFERROR(J62/H62,"0") -> 0.7 | AJ62: =IFERROR(F62/E62,"0") -> 0.7 | AK62: =IFERROR(F62/(F62+G62),"0") -> 0.99573257 | AL62: =IFERROR(AK62*AJ62*AI62,"0") -> 0.48790896 | AM62: Not abailable Man power
A63: =A60+1 -> 46042 | B63: =A63 -> 46042 | C63: Morning | D63: Rotor (CNC) | E63: 2000 | F63: 1700 | G63: 0 | H63: 660 | I63: =IF(E63<>"",30,0) -> 30 | J63: =H63-AH63 -> 561 | M63: 69 | Z63: 30 | AH63: =SUM(K63:AG63) -> 99 | AI63: =IFERROR(J63/H63,"0") -> 0.85 | AJ63: =IFERROR(F63/E63,"0") -> 0.85 | AK63: =IFERROR(F63/(F63+G63),"0") -> 1 | AL63: =IFERROR(AK63*AJ63*AI63,"0") -> 0.7225 | AM63: Not abailable Operator
C64: Morning | D64: Bottom Cover (CNC) | E64: 3000 | F64: 1460 | G64: 2 | H64: 660 | I64: =IF(E64<>"",30,0) -> 30 | J64: =H64-AH64 -> 321 | M64: 309 | Z64: 30 | AH64: =SUM(K64:AG64) -> 339 | AI64: =IFERROR(J64/H64,"0") -> 0.48636364 | AJ64: =IFERROR(F64/E64,"0") -> 0.48666667 | AK64: =IFERROR(F64/(F64+G64),"0") -> 0.99863201 | AL64: =IFERROR(AK64*AJ64*AI64,"0") -> 0.23637317 | AM64: Not abailable Man power
C65: Morning | D65: Top Cover (CNC) | E65: 3000 | F65: 1520 | G65: 13 | H65: 660 | I65: =IF(E65<>"",30,0) -> 30 | J65: =H65-AH65 -> 334 | M65: 296 | Z65: 30 | AH65: =SUM(K65:AG65) -> 326 | AI65: =IFERROR(J65/H65,"0") -> 0.50606061 | AJ65: =IFERROR(F65/E65,"0") -> 0.50666667 | AK65: =IFERROR(F65/(F65+G65),"0") -> 0.9915199 | AL65: =IFERROR(AK65*AJ65*AI65,"0") -> 0.25422971 | AM65: Not abailable Man power
A66: =A63+1 -> 46043 | B66: =A66 -> 46043 | C66: Morning | D66: Rotor (CNC) | E66: 2000 | F66: 1560 | G66: 0 | H66: 660 | I66: =IF(E66<>"",30,0) -> 30 | J66: =H66-AH66 -> 515 | M66: 115 | Z66: 30 | AH66: =SUM(K66:AG66) -> 145 | AI66: =IFERROR(J66/H66,"0") -> 0.78030303 | AJ66: =IFERROR(F66/E66,"0") -> 0.78 | AK66: =IFERROR(F66/(F66+G66),"0") -> 1 | AL66: =IFERROR(AK66*AJ66*AI66,"0") -> 0.60863636 | AM66: Not abailable Operator
C67: Morning | D67: Bottom Cover (CNC) | E67: 3000 | F67: 1330 | G67: 1 | H67: 660 | I67: =IF(E67<>"",30,0) -> 30 | J67: =H67-AH67 -> 293 | M67: 337 | Z67: 30 | AH67: =SUM(K67:AG67) -> 367 | AI67: =IFERROR(J67/H67,"0") -> 0.44393939 | AJ67: =IFERROR(F67/E67,"0") -> 0.44333333 | AK67: =IFERROR(F67/(F67+G67),"0") -> 0.99924869 | AL67: =IFERROR(AK67*AJ67*AI67,"0") -> 0.19666526 | AM67: Not abailable Man power
C68: Morning | D68: Top Cover (CNC) | E68: 3000 | F68: 1620 | G68: 10 | H68: 660 | I68: =IF(E68<>"",30,0) -> 30 | J68: =H68-AH68 -> 356 | M68: 274 | Z68: 30 | AH68: =SUM(K68:AG68) -> 304 | AI68: =IFERROR(J68/H68,"0") -> 0.53939394 | AJ68: =IFERROR(F68/E68,"0") -> 0.54 | AK68: =IFERROR(F68/(F68+G68),"0") -> 0.99386503 | AL68: =IFERROR(AK68*AJ68*AI68,"0") -> 0.28948578 | AM68: Not abailable Man power
A69: =A66+1 -> 46044 | B69: =A69 -> 46044 | C69: Morning | D69: Rotor (CNC) | E69: 2000 | F69: 1420 | G69: 0 | H69: 660 | I69: =IF(E69<>"",30,0) -> 30 | J69: =H69-AH69 -> 469 | M69: 161 | Z69: 30 | AH69: =SUM(K69:AG69) -> 191 | AI69: =IFERROR(J69/H69,"0") -> 0.71060606 | AJ69: =IFERROR(F69/E69,"0") -> 0.71 | AK69: =IFERROR(F69/(F69+G69),"0") -> 1 | AL69: =IFERROR(AK69*AJ69*AI69,"0") -> 0.5045303 | AM69: Not abailable Operator
C70: Morning | D70: Bottom Cover (CNC) | E70: 3000 | F70: 1200 | G70: 0 | H70: 660 | I70: =IF(E70<>"",30,0) -> 30 | J70: =H70-AH70 -> 312 | M70: 318 | Z70: 30 | AH70: =SUM(K70:AG70) -> 348 | AI70: =IFERROR(J70/H70,"0") -> 0.47272727 | AJ70: =IFERROR(F70/E70,"0") -> 0.4 | AK70: =IFERROR(F70/(F70+G70),"0") -> 1 | AL70: =IFERROR(AK70*AJ70*AI70,"0") -> 0.18909091 | AM70: Not abailable Man power
C71: Morning | D71: Top Cover (CNC) | E71: 3000 | F71: 1000 | G71: 11 | H71: 660 | I71: =IF(E71<>"",30,0) -> 30 | J71: =H71-AH71 -> 220 | M71: 410 | Z71: 30 | AH71: =SUM(K71:AG71) -> 440 | AI71: =IFERROR(J71/H71,"0") -> 0.33333333 | AJ71: =IFERROR(F71/E71,"0") -> 0.33333333 | AK71: =IFERROR(F71/(F71+G71),"0") -> 0.98911968 | AL71: =IFERROR(AK71*AJ71*AI71,"0") -> 0.10990219 | AM71: Not abailable Man power
A72: =A69+1 -> 46045 | B72: =A72 -> 46045 | C72: Morning | D72: Rotor (CNC) | I72: =IF(E72<>"",30,0) -> 0 | J72: =H72-AH72 -> 0 | AH72: =SUM(K72:AG72) -> 0 | AI72: =IFERROR(J72/H72,"0") -> 0 | AJ72: =IFERROR(F72/E72,"0") -> 0 | AK72: =IFERROR(F72/(F72+G72),"0") -> 0 | AL72: =IFERROR(AK72*AJ72*AI72,"0") -> 0
C73: Morning | D73: Bottom Cover (CNC) | I73: =IF(E73<>"",30,0) -> 0 | J73: =H73-AH73 -> 0 | AH73: =SUM(K73:AG73) -> 0 | AI73: =IFERROR(J73/H73,"0") -> 0 | AJ73: =IFERROR(F73/E73,"0") -> 0 | AK73: =IFERROR(F73/(F73+G73),"0") -> 0 | AL73: =IFERROR(AK73*AJ73*AI73,"0") -> 0
C74: Morning | D74: Top Cover (CNC) | I74: =IF(E74<>"",30,0) -> 0 | J74: =H74-AH74 -> 0 | AH74: =SUM(K74:AG74) -> 0 | AI74: =IFERROR(J74/H74,"0") -> 0 | AJ74: =IFERROR(F74/E74,"0") -> 0 | AK74: =IFERROR(F74/(F74+G74),"0") -> 0 | AL74: =IFERROR(AK74*AJ74*AI74,"0") -> 0
A75: =A72+1 -> 46046 | B75: =A75 -> 46046 | C75: Morning | D75: Rotor (CNC) | E75: 2000 | F75: 800 | G75: 0 | H75: 660 | I75: =IF(E75<>"",30,0) -> 30 | J75: =H75-AH75 -> 264 | M75: 366 | Z75: 30 | AH75: =SUM(K75:AG75) -> 396 | AI75: =IFERROR(J75/H75,"0") -> 0.4 | AJ75: =IFERROR(F75/E75,"0") -> 0.4 | AK75: =IFERROR(F75/(F75+G75),"0") -> 1 | AL75: =IFERROR(AK75*AJ75*AI75,"0") -> 0.16 | AM75: Not abailable Operator
C76: Morning | D76: Bottom Cover (CNC) | E76: 3000 | F76: 1780 | G76: 0 | H76: 660 | I76: =IF(E76<>"",30,0) -> 30 | J76: =H76-AH76 -> 392 | M76: 238 | Z76: 30 | AH76: =SUM(K76:AG76) -> 268 | AI76: =IFERROR(J76/H76,"0") -> 0.59393939 | AJ76: =IFERROR(F76/E76,"0") -> 0.59333333 | AK76: =IFERROR(F76/(F76+G76),"0") -> 1 | AL76: =IFERROR(AK76*AJ76*AI76,"0") -> 0.35240404 | AM76: Not abailable Man power
C77: Morning | D77: Top Cover (CNC) | E77: 3000 | F77: 2750 | G77: 32 | H77: 660 | I77: =IF(E77<>"",30,0) -> 30 | J77: =H77-AH77 -> 605 | M77: 25 | Z77: 30 | AH77: =SUM(K77:AG77) -> 55 | AI77: =IFERROR(J77/H77,"0") -> 0.91666667 | AJ77: =IFERROR(F77/E77,"0") -> 0.91666667 | AK77: =IFERROR(F77/(F77+G77),"0") -> 0.98849748 | AL77: =IFERROR(AK77*AJ77*AI77,"0") -> 0.83061247
A78: =A75+1 -> 46047 | B78: =A78 -> 46047 | C78: Morning | D78: Rotor (CNC) | E78: 2000 | F78: 1040 | G78: 0 | H78: 660 | I78: =IF(E78<>"",30,0) -> 30 | J78: =H78-AH78 -> 343 | M78: 287 | Z78: 30 | AH78: =SUM(K78:AG78) -> 317 | AI78: =IFERROR(J78/H78,"0") -> 0.51969697 | AJ78: =IFERROR(F78/E78,"0") -> 0.52 | AK78: =IFERROR(F78/(F78+G78),"0") -> 1 | AL78: =IFERROR(AK78*AJ78*AI78,"0") -> 0.27024242 | AM78: Not abailable Operator
C79: Morning | D79: Bottom Cover (CNC) | E79: 3000 | F79: 1400 | G79: 0 | H79: 660 | I79: =IF(E79<>"",30,0) -> 30 | J79: =H79-AH79 -> 308 | M79: 322 | Z79: 30 | AH79: =SUM(K79:AG79) -> 352 | AI79: =IFERROR(J79/H79,"0") -> 0.46666667 | AJ79: =IFERROR(F79/E79,"0") -> 0.46666667 | AK79: =IFERROR(F79/(F79+G79),"0") -> 1 | AL79: =IFERROR(AK79*AJ79*AI79,"0") -> 0.21777778 | AM79: Not abailable Man power
C80: Morning | D80: Top Cover (CNC) | E80: 3000 | F80: 1830 | G80: 5 | H80: 660 | I80: =IF(E80<>"",30,0) -> 30 | J80: =H80-AH80 -> 403 | M80: 227 | Z80: 30 | AH80: =SUM(K80:AG80) -> 257 | AI80: =IFERROR(J80/H80,"0") -> 0.61060606 | AJ80: =IFERROR(F80/E80,"0") -> 0.61 | AK80: =IFERROR(F80/(F80+G80),"0") -> 0.9972752 | AL80: =IFERROR(AK80*AJ80*AI80,"0") -> 0.37145479 | AM80: Not abailable Man power
A81: =A78+1 -> 46048 | B81: =A81 -> 46048 | C81: Morning | D81: Rotor (CNC) | E81: 1450 | F81: 560 | G81: 0 | H81: 480 | I81: =IF(E81<>"",30,0) -> 30 | J81: =H81-AH81 -> 185 | M81: 265 | Z81: 30 | AH81: =SUM(K81:AG81) -> 295 | AI81: =IFERROR(J81/H81,"0") -> 0.38541667 | AJ81: =IFERROR(F81/E81,"0") -> 0.3862069 | AK81: =IFERROR(F81/(F81+G81),"0") -> 1 | AL81: =IFERROR(AK81*AJ81*AI81,"0") -> 0.14885057 | AM81: Not abailable Operator
C82: Morning | D82: Bottom Cover (CNC) | E82: 2200 | F82: 1320 | G82: 3 | H82: 480 | I82: =IF(E82<>"",30,0) -> 30 | J82: =H82-AH82 -> 288 | M82: 162 | Z82: 30 | AH82: =SUM(K82:AG82) -> 192 | AI82: =IFERROR(J82/H82,"0") -> 0.6 | AJ82: =IFERROR(F82/E82,"0") -> 0.6 | AK82: =IFERROR(F82/(F82+G82),"0") -> 0.99773243 | AL82: =IFERROR(AK82*AJ82*AI82,"0") -> 0.35918367 | AM82: Not abailable Man power
C83: Morning | D83: Top Cover (CNC) | E83: 2200 | F83: 1300 | G83: 18 | H83: 480 | I83: =IF(E83<>"",30,0) -> 30 | J83: =H83-AH83 -> 284 | M83: 166 | Z83: 30 | AH83: =SUM(K83:AG83) -> 196 | AI83: =IFERROR(J83/H83,"0") -> 0.59166667 | AJ83: =IFERROR(F83/E83,"0") -> 0.59090909 | AK83: =IFERROR(F83/(F83+G83),"0") -> 0.98634294 | AL83: =IFERROR(AK83*AJ83*AI83,"0") -> 0.34484642 | AM83: Not abailable Man power
A84: =A81+1 -> 46049 | B84: =A84 -> 46049 | C84: Morning | D84: Rotor (CNC) | E84: 1450 | F84: 1060 | G84: 0 | H84: 480 | I84: =IF(E84<>"",30,0) -> 30 | J84: =H84-AH84 -> 353 | M84: 97 | Z84: 30 | AH84: =SUM(K84:AG84) -> 127 | AI84: =IFERROR(J84/H84,"0") -> 0.73541667 | AJ84: =IFERROR(F84/E84,"0") -> 0.73103448 | AK84: =IFERROR(F84/(F84+G84),"0") -> 1 | AL84: =IFERROR(AK84*AJ84*AI84,"0") -> 0.53761494 | AM84: Not abailable Operator
C85: Morning | D85: Bottom Cover (CNC) | E85: 2200 | F85: 950 | G85: 2 | H85: 480 | I85: =IF(E85<>"",30,0) -> 30 | J85: =H85-AH85 -> 307 | M85: 143 | Z85: 30 | AH85: =SUM(K85:AG85) -> 173 | AI85: =IFERROR(J85/H85,"0") -> 0.63958333 | AJ85: =IFERROR(F85/E85,"0") -> 0.43181818 | AK85: =IFERROR(F85/(F85+G85),"0") -> 0.99789916 | AL85: =IFERROR(AK85*AJ85*AI85,"0") -> 0.27560349 | AM85: Not abailable Man power
C86: Morning | D86: Top Cover (CNC) | E86: 2200 | F86: 1340 | G86: 16 | H86: 480 | I86: =IF(E86<>"",30,0) -> 30 | J86: =H86-AH86 -> 292 | M86: 158 | Z86: 30 | AH86: =SUM(K86:AG86) -> 188 | AI86: =IFERROR(J86/H86,"0") -> 0.60833333 | AJ86: =IFERROR(F86/E86,"0") -> 0.60909091 | AK86: =IFERROR(F86/(F86+G86),"0") -> 0.98820059 | AL86: =IFERROR(AK86*AJ86*AI86,"0") -> 0.36615826 | AM86: Not abailable Man power
A87: =A84+1 -> 46050 | B87: =A87 -> 46050 | C87: Morning | D87: Rotor (CNC) | E87: 1450 | F87: 1200 | G87: 0 | H87: 480 | I87: =IF(E87<>"",30,0) -> 30 | J87: =H87-AH87 -> 397 | M87: 53 | Z87: 30 | AH87: =SUM(K87:AG87) -> 83 | AI87: =IFERROR(J87/H87,"0") -> 0.82708333 | AJ87: =IFERROR(F87/E87,"0") -> 0.82758621 | AK87: =IFERROR(F87/(F87+G87),"0") -> 1 | AL87: =IFERROR(AK87*AJ87*AI87,"0") -> 0.68448276 | AM87: Not abailable Operator
C88: Morning | D88: Bottom Cover (CNC) | E88: 2200 | F88: 1400 | G88: 6 | H88: 480 | I88: =IF(E88<>"",30,0) -> 30 | J88: =H88-AH88 -> 305 | M88: 145 | Z88: 30 | AH88: =SUM(K88:AG88) -> 175 | AI88: =IFERROR(J88/H88,"0") -> 0.63541667 | AJ88: =IFERROR(F88/E88,"0") -> 0.63636364 | AK88: =IFERROR(F88/(F88+G88),"0") -> 0.99573257 | AL88: =IFERROR(AK88*AJ88*AI88,"0") -> 0.4026305 | AM88: Not abailable Man power
C89: Morning | D89: Top Cover (CNC) | E89: 2200 | F89: 1210 | G89: 1 | H89: 480 | I89: =IF(E89<>"",30,0) -> 30 | J89: =H89-AH89 -> 264 | M89: 186 | Z89: 30 | AH89: =SUM(K89:AG89) -> 216 | AI89: =IFERROR(J89/H89,"0") -> 0.55 | AJ89: =IFERROR(F89/E89,"0") -> 0.55 | AK89: =IFERROR(F89/(F89+G89),"0") -> 0.99917424 | AL89: =IFERROR(AK89*AJ89*AI89,"0") -> 0.30225021 | AM89: Not abailable Man power
A90: =A87+1 -> 46051 | B90: =A90 -> 46051 | C90: Morning | D90: Rotor (CNC) | E90: 1450 | F90: 1370 | G90: 0 | H90: 480 | I90: =IF(E90<>"",30,0) -> 30 | J90: =H90-AH90 -> 454 | M90: 6 | Z90: 20 | AH90: =SUM(K90:AG90) -> 26 | AI90: =IFERROR(J90/H90,"0") -> 0.94583333 | AJ90: =IFERROR(F90/E90,"0") -> 0.94482759 | AK90: =IFERROR(F90/(F90+G90),"0") -> 1 | AL90: =IFERROR(AK90*AJ90*AI90,"0") -> 0.89364943
C91: Morning | D91: Bottom Cover (CNC) | E91: 2200 | F91: 900 | G91: 2 | H91: 480 | I91: =IF(E91<>"",30,0) -> 30 | J91: =H91-AH91 -> 196 | M91: 254 | Z91: 30 | AH91: =SUM(K91:AG91) -> 284 | AI91: =IFERROR(J91/H91,"0") -> 0.40833333 | AJ91: =IFERROR(F91/E91,"0") -> 0.40909091 | AK91: =IFERROR(F91/(F91+G91),"0") -> 0.99778271 | AL91: =IFERROR(AK91*AJ91*AI91,"0") -> 0.16667507 | AM91: Not abailable Man power
C92: Morning | D92: Top Cover (CNC) | E92: 2200 | F92: 1640 | G92: 3 | H92: 480 | I92: =IF(E92<>"",30,0) -> 30 | J92: =H92-AH92 -> 358 | M92: 92 | Z92: 30 | AH92: =SUM(K92:AG92) -> 122 | AI92: =IFERROR(J92/H92,"0") -> 0.74583333 | AJ92: =IFERROR(F92/E92,"0") -> 0.74545455 | AK92: =IFERROR(F92/(F92+G92),"0") -> 0.99817407 | AL92: =IFERROR(AK92*AJ92*AI92,"0") -> 0.55496966 | AM92: Not abailable Man power
A93: =A90+1 -> 46052 | B93: =A93 -> 46052 | C93: Morning | D93: Rotor (CNC) | E93: 1450 | F93: 1010 | G93: 0 | H93: 480 | I93: =IF(E93<>"",30,0) -> 30 | J93: =H93-AH93 -> 334 | M93: 116 | Z93: 30 | AH93: =SUM(K93:AG93) -> 146 | AI93: =IFERROR(J93/H93,"0") -> 0.69583333 | AJ93: =IFERROR(F93/E93,"0") -> 0.69655172 | AK93: =IFERROR(F93/(F93+G93),"0") -> 1 | AL93: =IFERROR(AK93*AJ93*AI93,"0") -> 0.48468391 | AM93: Not abailable Operator
C94: Morning | D94: Bottom Cover (CNC) | E94: 2200 | F94: 1300 | G94: 2 | H94: 480 | I94: =IF(E94<>"",30,0) -> 30 | J94: =H94-AH94 -> 284 | M94: 166 | Z94: 30 | AH94: =SUM(K94:AG94) -> 196 | AI94: =IFERROR(J94/H94,"0") -> 0.59166667 | AJ94: =IFERROR(F94/E94,"0") -> 0.59090909 | AK94: =IFERROR(F94/(F94+G94),"0") -> 0.9984639 | AL94: =IFERROR(AK94*AJ94*AI94,"0") -> 0.34908416 | AM94: Not abailable Man power
C95: Morning | D95: Top Cover (CNC) | E95: 2200 | F95: 340 | G95: 4 | H95: 480 | I95: =IF(E95<>"",30,0) -> 30 | J95: =H95-AH95 -> 74 | M95: 376 | Z95: 30 | AH95: =SUM(K95:AG95) -> 406 | AI95: =IFERROR(J95/H95,"0") -> 0.15416667 | AJ95: =IFERROR(F95/E95,"0") -> 0.15454545 | AK95: =IFERROR(F95/(F95+G95),"0") -> 0.98837209 | AL95: =IFERROR(AK95*AJ95*AI95,"0") -> 0.023548714 | AM95: Not abailable Man power
A96: =A93+1 -> 46053 | B96: =A96 -> 46053 | C96: Morning | D96: Rotor (CNC) | E96: 1500 | F96: 1500 | G96: 0 | H96: 480 | I96: =IF(E96<>"",30,0) -> 30 | J96: =H96-AH96 -> 480 | M96: 0 | Z96: 0 | AH96: =SUM(K96:AG96) -> 0 | AI96: =IFERROR(J96/H96,"0") -> 1 | AJ96: =IFERROR(F96/E96,"0") -> 1 | AK96: =IFERROR(F96/(F96+G96),"0") -> 1 | AL96: =IFERROR(AK96*AJ96*AI96,"0") -> 1
C97: Morning | D97: Bottom Cover (CNC) | E97: 2200 | F97: 950 | G97: 4 | H97: 480 | I97: =IF(E97<>"",30,0) -> 30 | J97: =H97-AH97 -> 207 | M97: 243 | Z97: 30 | AH97: =SUM(K97:AG97) -> 273 | AI97: =IFERROR(J97/H97,"0") -> 0.43125 | AJ97: =IFERROR(F97/E97,"0") -> 0.43181818 | AK97: =IFERROR(F97/(F97+G97),"0") -> 0.99580713 | AL97: =IFERROR(AK97*AJ97*AI97,"0") -> 0.18544079 | AM97: Not abailable Man power
C98: Morning | D98: Top Cover (CNC) | E98: 2200 | F98: 1940 | G98: 2 | H98: 480 | I98: =IF(E98<>"",30,0) -> 30 | J98: =H98-AH98 -> 423 | M98: 27 | Z98: 30 | AH98: =SUM(K98:AG98) -> 57 | AI98: =IFERROR(J98/H98,"0") -> 0.88125 | AJ98: =IFERROR(F98/E98,"0") -> 0.88181818 | AK98: =IFERROR(F98/(F98+G98),"0") -> 0.99897013 | AL98: =IFERROR(AK98*AJ98*AI98,"0") -> 0.77630196
A99: Total: | E99: =SUM(E6:E98) -> 214850 | F99: =SUM(F6:F98) -> 119580 | G99: =SUM(G6:G98) -> 391 | H99: =SUM(H6:H98) -> 53100 | I99: =SUM(I6:I98) -> 2610 | J99: =SUM(J6:J98) -> 30099 | K99: =SUM(K6:K98) -> 0 | L99: =SUM(L6:L98) -> 0 | ... AH99: =SUM(AH6:AH98) -> 23001 | AI99: =IFERROR(J99/H99,0) -> 0.56683616 | AJ99: =IFERROR(F99/E99,0) -> 0.55657435 | AK99: =IFERROR(F99/(F99+G99),0) -> 0.99674088 | AL99: =IFERROR(AK99*AJ99*AI99,0) -> 0.31445826

Sheet Auto Powder Coating
A1: MEP FAN LTD.
A2: Production Performance Analysis Report
A3: ="Fan Auto Powder Coating ("&TEXT('Fan Lathe'!AM3,"mmmm yyyy")&")" -> Fan Auto Powder Coating (January 2026) | AM3: ='Fan Lathe'!AM3 -> 46023
K4: 10 | L4: 11 | M4: 12 | N4: 13 | O4: 14 | P4: 15 | Q4: 16 | R4: 17 | S4: 18 | T4: 19 | U4: 20 | V4: 21 | W4: 22 | X4: 23 | Y4: 24 | Z4: 25 | AA4: 26 | AB4: 27 | AC4: 28 | AD4: 29 | AE4: 30 | AF4: 31 | AG4: 32
A5: Date | B5: Day | C5: Shift | D5: Machine Name | E5: Machine Capacity (Pcs) | F5: Actual Prd. (Pcs) | G5: Rejection (Pcs) | H5: Planned Prd. Time (Min) | I5: Expected DownTime (Min) | J5: Total Prd. Run Time (Min) | K5: Heater/Coil Problem | L5: Power Shutdown | M5: Machine Breakdown | N5: Die/ Mold Problem | O5: Model/ Die Change | P5: Air Presser Problem | Q5: Water line Problem | R5: Lift Problem | S5: D Coil Insert | T5: RM Shortage | U5: Crean Problem | V5: Worker Absent | W5: Printer M/C Problem | X5: UPS shutdown | Y5: Load Problem | Z5: Namaz | AA5: Conveyor Belt Problem | AB5: Fitting Problem | AC5: Gas Presser Problem | AD5: Mold polish & Clean | AE5: Alu. Ash Extraction | AF5: Robot Problems | AG5: Alu. Recipe Problem | AH5: Total Down Time (Mins) | AI5: Availability (%) | AJ5: Performance (%) | AK5: Quality (%) | AL5: OEE (%) | AM5: Remarks
A6: =AM3 -> 46023 | B6: =A6 -> 46023 | C6: Morning | D6: APC (Blade) | E6: 2500 | F6: 0 | G6: 0 | H6: 660 | I6: =IF(E6<>"",30,0) -> 30 | J6: =H6-AH6 -> 0 | M6: 660 | AH6: =SUM(K6:AG8) -> 660 | AI6: =IFERROR(J6/H6,"0") -> 0 | AJ6: =IFERROR(F6/E6,"0") -> 0 | AK6: =IFERROR(F6/(F6+G6),"0") -> 0 | AL6: =IFERROR(AK6*(AJ6+AJ7+AJ8)*AI6,"0") -> 0 | AM6: No abailable Blade
D7: APC (Downpipe) | E7: 2500 | F7: 0 | G7: 0 | AJ7: =IFERROR(F7/E7,"0") -> 0
D8: APC (Body, Cover) | E8: 2500 | F8: 0 | G8: 0 | AJ8: =IFERROR(F8/E8,"0") -> 0
D9: Blade Rivet | E9: 2775 | F9: 147 | G9: 0 | H9: 660 | I9: =IF(E9<>"",30,0) -> 30 | J9: =H9-AH9 -> 35 | M9: 625 | AH9: =SUM(K9:AG9) -> 625 | AI9: =IFERROR(J9/H9,"0") -> 0.053030303 | AJ9: =IFERROR(F9/E9,"0") -> 0.052972973 | AK9: =IFERROR(F9/(F9+G9),"0") -> 1 | AL9: =IFERROR(AK9*AJ9*AI9,"0") -> 0.0028091728 | AM9: No abailable Blade
A10: =A6+1 -> 46024 | B10: =A10 -> 46024 | C10: Morning | D10: APC (Blade) | E10: 2500 | F10: 0 | H10: 480 | I10: =IF(E10<>"",30,0) -> 30 | J10: =H10-AH10 -> 0 | M10: 480 | AH10: =SUM(K10:AG12) -> 480 | AI10: =IFERROR(J10/H10,"0") -> 0 | AJ10: =IFERROR(F10/E10,"0") -> 0 | AK10: =IFERROR(F10/(F10+G10),"0") -> 0 | AL10: =IFERROR(AK10*(AJ10+AJ11+AJ12)*AI10,"0") -> 0 | AM10: No abailable Blade
D11: APC (Downpipe) | E11: 2500 | F11: 0 | AJ11: =IFERROR(F11/E11,"0") -> 0
D12: APC (Body, Cover) | E12: 2500 | F12: 0 | AJ12: =IFERROR(F12/E12,"0") -> 0
D13: Blade Rivet | E13: 2000 | F13: 0 | H13: 480 | I13: =IF(E13<>"",30,0) -> 30 | J13: =H13-AH13 -> 0 | M13: 480 | AH13: =SUM(K13:AG13) -> 480 | AI13: =IFERROR(J13/H13,"0") -> 0 | AJ13: =IFERROR(F13/E13,"0") -> 0 | AK13: =IFERROR(F13/(F13+G13),"0") -> 0 | AL13: =IFERROR(AK13*AJ13*AI13,"0") -> 0 | AM13: No abailable Blade
A14: =A10+1 -> 46025 | B14: =A14 -> 46025 | C14: Morning | D14: APC (Blade) | E14: 2500 | F14: 0 | G14: 0 | H14: 660 | I14: =IF(E14<>"",30,0) -> 30 | J14: =H14-AH14 -> 0 | M14: 660 | AH14: =SUM(K14:AG16) -> 660 | AI14: =IFERROR(J14/H14,"0") -> 0 | AJ14: =IFERROR(F14/E14,"0") -> 0 | AK14: =IFERROR(F14/(F14+G14),"0") -> 0 | AL14: =IFERROR(AK14*(AJ14+AJ15+AJ16)*AI14,"0") -> 0
D15: APC (Downpipe) | E15: 2500 | F15: 0 | G15: 0 | AJ15: =IFERROR(F15/E15,"0") -> 0
D16: APC (Body, Cover) | E16: 2500 | F16: 0 | G16: 0 | AJ16: =IFERROR(F16/E16,"0") -> 0
D17: Blade Rivet | E17: 2775 | F17: 0 | G17: 0 | H17: 660 | I17: =IF(E17<>"",30,0) -> 30 | J17: =H17-AH17 -> 0 | M17: 660 | AH17: =SUM(K17:AG17) -> 660 | AI17: =IFERROR(J17/H17,"0") -> 0 | AJ17: =IFERROR(F17/E17,"0") -> 0 | AK17: =IFERROR(F17/(F17+G17),"0") -> 0 | AL17: =IFERROR(AK17*AJ17*AI17,"0") -> 0 | AM17: No abailable Blade
A18: =A14+1 -> 46026 | B18: =A18 -> 46026 | C18: Morning | D18: APC (Blade) | E18: 2500 | F18: 0 | G18: 0 | H18: 660 | I18: =IF(E18<>"",30,0) -> 30 | J18: =H18-AH18 -> 0 | M18: 660 | AH18: =SUM(K18:AG20) -> 660 | AI18: =IFERROR(J18/H18,"0") -> 0 | AJ18: =IFERROR(F18/E18,"0") -> 0 | AK18: =IFERROR(F18/(F18+G18),"0") -> 0 | AL18: =IFERROR(AK18*(AJ18+AJ19+AJ20)*AI18,"0") -> 0 | AM18: No abailable Blade
D19: APC (Downpipe) | E19: 2500 | F19: 0 | G19: 0 | AJ19: =IFERROR(F19/E19,"0") -> 0
D20: APC (Body, Cover) | E20: 2500 | F20: 0 | G20: 0 | AJ20: =IFERROR(F20/E20,"0") -> 0
D21: Blade Rivet | E21: 2775 | F21: 1650 | G21: 0 | H21: 660 | I21: =IF(E21<>"",30,0) -> 30 | J21: =H21-AH21 -> 392 | M21: 268 | AH21: =SUM(K21:AG21) -> 268 | AI21: =IFERROR(J21/H21,"0") -> 0.59393939 | AJ21: =IFERROR(F21/E21,"0") -> 0.59459459 | AK21: =IFERROR(F21/(F21+G21),"0") -> 1 | AL21: =IFERROR(AK21*AJ21*AI21,"0") -> 0.35315315 | AM21: No abailable Blade
A22: =A18+1 -> 46027 | B22: =A22 -> 46027 | C22: Morning | D22: APC (Blade) | E22: 2000 | F22: 1955 | G22: 13 | H22: 660 | I22: =IF(E22<>"",30,0) -> 30 | J22: =H22-AH22 -> 645 | M22: 15 | AH22: =SUM(K22:AG24) -> 15 | AI22: =IFERROR(J22/H22,"0") -> 0.97727273 | AJ22: =IFERROR(F22/E22,"0") -> 0.9775 | AK22: =IFERROR(F22/(F22+G22),"0") -> 0.99339431 | AL22: =IFERROR(AK22*(AJ22+AJ23+AJ24)*AI22,"0") -> 2.8460634
D23: APC (Downpipe) | E23: 5000 | F23: 4895 | AJ23: =IFERROR(F23/E23,"0") -> 0.979
D24: APC (Body, Cover) | E24: 4300 | F24: 4193 | G24: 5 | AJ24: =IFERROR(F24/E24,"0") -> 0.97511628
D25: Blade Rivet | E25: 2775 | F25: 1400 | H25: 660 | I25: =IF(E25<>"",30,0) -> 30 | J25: =H25-AH25 -> 333 | M25: 327 | AH25: =SUM(K25:AG25) -> 327 | AI25: =IFERROR(J25/H25,"0") -> 0.50454545 | AJ25: =IFERROR(F25/E25,"0") -> 0.5045045 | AK25: =IFERROR(F25/(F25+G25),"0") -> 1 | AL25: =IFERROR(AK25*AJ25*AI25,"0") -> 0.25454545 | AM25: No abailable Blade
A26: =A22+1 -> 46028 | B26: =A26 -> 46028 | C26: Morning | D26: APC (Blade) | E26: 2000 | F26: 1637 | G26: 13 | H26: 660 | I26: =IF(E26<>"",30,0) -> 30 | J26: =H26-AH26 -> 596 | M26: 64 | AH26: =SUM(K26:AG28) -> 64 | AI26: =IFERROR(J26/H26,"0") -> 0.9030303 | AJ26: =IFERROR(F26/E26,"0") -> 0.8185 | AK26: =IFERROR(F26/(F26+G26),"0") -> 0.99212121 | AL26: =IFERROR(AK26*(AJ26+AJ27+AJ28)*AI26,"0") -> 2.424646
D27: APC (Downpipe) | E27: 1200 | F27: 1100 | G27: 0 | AJ27: =IFERROR(F27/E27,"0") -> 0.91666667
D28: APC (Body, Cover) | E28: 6000 | F28: 5827 | G28: 8 | AJ28: =IFERROR(F28/E28,"0") -> 0.97116667
D29: Blade Rivet | E29: 2775 | F29: 1683 | G29: 0 | H29: 660 | I29: =IF(E29<>"",30,0) -> 30 | J29: =H29-AH29 -> 400 | M29: 260 | AH29: =SUM(K29:AG29) -> 260 | AI29: =IFERROR(J29/H29,"0") -> 0.60606061 | AJ29: =IFERROR(F29/E29,"0") -> 0.60648649 | AK29: =IFERROR(F29/(F29+G29),"0") -> 1 | AL29: =IFERROR(AK29*AJ29*AI29,"0") -> 0.36756757 | AM29: No abailable Blade
A30: =A26+1 -> 46029 | B30: =A30 -> 46029 | C30: Morning | D30: APC (Blade) | E30: 2100 | F30: 2056 | G30: 24 | H30: 480 | I30: =IF(E30<>"",30,0) -> 30 | J30: =H30-AH30 -> 444 | M30: 36 | AH30: =SUM(K30:AG32) -> 36 | AI30: =IFERROR(J30/H30,"0") -> 0.925 | AJ30: =IFERROR(F30/E30,"0") -> 0.97904762 | AK30: =IFERROR(F30/(F30+G30),"0") -> 0.98846154 | AL30: =IFERROR(AK30*(AJ30+AJ31+AJ32)*AI30,"0") -> 2.5383457
D31: APC (Downpipe) | E31: 50 | F31: 50 | G31: 0 | AJ31: =IFERROR(F31/E31,"0") -> 1
D32: APC (Body, Cover) | E32: 700 | F32: 558 | G32: 6 | AJ32: =IFERROR(F32/E32,"0") -> 0.79714286
D33: Blade Rivet | E33: 2775 | F33: 1733 | G33: 0 | H33: 660 | I33: =IF(E33<>"",30,0) -> 30 | J33: =H33-AH33 -> 412 | M33: 248 | AH33: =SUM(K33:AG33) -> 248 | AI33: =IFERROR(J33/H33,"0") -> 0.62424242 | AJ33: =IFERROR(F33/E33,"0") -> 0.6245045 | AK33: =IFERROR(F33/(F33+G33),"0") -> 1 | AL33: =IFERROR(AK33*AJ33*AI33,"0") -> 0.38984221 | AM33: No abailable Blade
A34: =A30+1 -> 46030 | B34: =A34 -> 46030 | C34: Morning | D34: APC (Blade) | E34: 2500 | F34: 2481 | G34: 30 | H34: 660 | I34: =IF(E34<>"",30,0) -> 30 | J34: =H34-AH34 -> 624 | M34: 36 | AH34: =SUM(K34:AG36) -> 36 | AI34: =IFERROR(J34/H34,"0") -> 0.94545455 | AJ34: =IFERROR(F34/E34,"0") -> 0.9924 | AK34: =IFERROR(F34/(F34+G34),"0") -> 0.98805257 | AL34: =IFERROR(AK34*(AJ34+AJ35+AJ36)*AI34,"0") -> 2.6459114
D35: APC (Downpipe) | E35: 2800 | F35: 2650 | G35: 0 | AJ35: =IFERROR(F35/E35,"0") -> 0.94642857
D36: APC (Body, Cover) | E36: 1400 | F36: 1251 | G36: 0 | AJ36: =IFERROR(F36/E36,"0") -> 0.89357143
D37: Blade Rivet | E37: 2775 | F37: 2100 | G37: 0 | H37: 660 | I37: =IF(E37<>"",30,0) -> 30 | J37: =H37-AH37 -> 499 | M37: 161 | AH37: =SUM(K37:AG37) -> 161 | AI37: =IFERROR(J37/H37,"0") -> 0.75606061 | AJ37: =IFERROR(F37/E37,"0") -> 0.75675676 | AK37: =IFERROR(F37/(F37+G37),"0") -> 1 | AL37: =IFERROR(AK37*AJ37*AI37,"0") -> 0.57215397 | AM37: No abailable Blade
A38: =A34+1 -> 46031 | B38: =A38 -> 46031 | C38: Morning | D38: APC (Blade) | I38: =IF(E38<>"",30,0) -> 0 | J38: =H38-AH38 -> 0 | AH38: =SUM(K38:AG40) -> 0 | AI38: =IFERROR(J38/H38,"0") -> 0 | AJ38: =IFERROR(F38/E38,"0") -> 0 | AK38: =IFERROR(F38/(F38+G38),"0") -> 0 | AL38: =IFERROR(AK38*(AJ38+AJ39+AJ40)*AI38,"0") -> 0
D39: APC (Downpipe) | AJ39: =IFERROR(F39/E39,"0") -> 0
D40: APC (Body, Cover) | AJ40: =IFERROR(F40/E40,"0") -> 0
D41: Blade Rivet | I41: =IF(E41<>"",30,0) -> 0 | J41: =H41-AH41 -> 0 | AH41: =SUM(K41:AG41) -> 0 | AI41: =IFERROR(J41/H41,"0") -> 0 | AJ41: =IFERROR(F41/E41,"0") -> 0 | AK41: =IFERROR(F41/(F41+G41),"0") -> 0 | AL41: =IFERROR(AK41*AJ41*AI41,"0") -> 0
A42: =A38+1 -> 46032 | B42: =A42 -> 46032 | C42: Morning | D42: APC (Blade) | E42: 2500 | F42: 0 | G42: 0 | H42: 660 | I42: =IF(E42<>"",30,0) -> 30 | J42: =H42-AH42 -> 0 | M42: 660 | AH42: =SUM(K42:AG44) -> 660 | AI42: =IFERROR(J42/H42,"0") -> 0 | AJ42: =IFERROR(F42/E42,"0") -> 0 | AK42: =IFERROR(F42/(F42+G42),"0") -> 0 | AL42: =IFERROR(AK42*(AJ42+AJ43+AJ44)*AI42,"0") -> 0 | AM42: No abailable Blade
D43: APC (Downpipe) | E43: 2500 | F43: 0 | G43: 0 | AJ43: =IFERROR(F43/E43,"0") -> 0
D44: APC (Body, Cover) | E44: 2500 | F44: 0 | G44: 0 | AJ44: =IFERROR(F44/E44,"0") -> 0
D45: Blade Rivet | E45: 2775 | F45: 1683 | G45: 0 | H45: 660 | I45: =IF(E45<>"",30,0) -> 30 | J45: =H45-AH45 -> 430 | M45: 230 | AH45: =SUM(K45:AG45) -> 230 | AI45: =IFERROR(J45/H45,"0") -> 0.65151515 | AJ45: =IFERROR(F45/E45,"0") -> 0.60648649 | AK45: =IFERROR(F45/(F45+G45),"0") -> 1 | AL45: =IFERROR(AK45*AJ45*AI45,"0") -> 0.39513514 | AM45: No abailable Blade
A46: =A42+1 -> 46033 | B46: =A46 -> 46033 | C46: Morning | D46: APC (Blade) | E46: 1650 | F46: 1605 | G46: 3 | H46: 660 | I46: =IF(E46<>"",30,0) -> 30 | J46: =H46-AH46 -> 647 | M46: 13 | AH46: =SUM(K46:AG48) -> 13 | AI46: =IFERROR(J46/H46,"0") -> 0.98030303 | AJ46: =IFERROR(F46/E46,"0") -> 0.97272727 | AK46: =IFERROR(F46/(F46+G46),"0") -> 0.99813433 | AL46: =IFERROR(AK46*(AJ46+AJ47+AJ48)*AI46,"0") -> 2.8738039
D47: APC (Downpipe) | E47: 2200 | F47: 2173 | G47: 0 | AJ47: =IFERROR(F47/E47,"0") -> 0.98772727
D48: APC (Body, Cover) | E48: 7000 | F48: 6836 | G48: 3 | AJ48: =IFERROR(F48/E48,"0") -> 0.97657143
D49: Blade Rivet | E49: 2775 | F49: 1833 | G49: 0 | H49: 660 | I49: =IF(E49<>"",30,0) -> 30 | J49: =H49-AH49 -> 436 | M49: 224 | AH49: =SUM(K49:AG49) -> 224 | AI49: =IFERROR(J49/H49,"0") -> 0.66060606 | AJ49: =IFERROR(F49/E49,"0") -> 0.66054054 | AK49: =IFERROR(F49/(F49+G49),"0") -> 1 | AL49: =IFERROR(AK49*AJ49*AI49,"0") -> 0.43635708 | AM49: No abailable Blade
A50: =A46+1 -> 46034 | B50: =A50 -> 46034 | C50: Morning | D50: APC (Blade) | E50: 2250 | F50: 2206 | G50: 0 | H50: 660 | I50: =IF(E50<>"",30,0) -> 30 | J50: =H50-AH50 -> 655 | M50: 5 | AH50: =SUM(K50:AG52) -> 5 | AI50: =IFERROR(J50/H50,"0") -> 0.99242424 | AJ50: =IFERROR(F50/E50,"0") -> 0.98044444 | AK50: =IFERROR(F50/(F50+G50),"0") -> 1 | AL50: =IFERROR(AK50*(AJ50+AJ51+AJ52)*AI50,"0") -> 1.9626623
D51: APC (Downpipe) | E51: 0 | F51: 0 | G51: 0 | AJ51: =IFERROR(F51/E51,"0") -> 0
D52: APC (Body, Cover) | E52: 5000 | F52: 4986 | G52: 8 | AJ52: =IFERROR(F52/E52,"0") -> 0.9972
D53: Blade Rivet | E53: 2775 | F53: 1533 | G53: 0 | H53: 660 | I53: =IF(E53<>"",30,0) -> 30 | J53: =H53-AH53 -> 365 | M53: 295 | AH53: =SUM(K53:AG53) -> 295 | AI53: =IFERROR(J53/H53,"0") -> 0.5530303 | AJ53: =IFERROR(F53/E53,"0") -> 0.55243243 | AK53: =IFERROR(F53/(F53+G53),"0") -> 1 | AL53: =IFERROR(AK53*AJ53*AI53,"0") -> 0.30551188 | AM53: No abailable Blade
A54: =A50+1 -> 46035 | B54: =A54 -> 46035 | C54: Morning | D54: APC (Blade) | E54: 3000 | F54: 2899 | G54: 6 | H54: 660 | I54: 30 | J54: =H54-AH54 -> 640 | M54: 20 | AH54: =SUM(K54:AG56) -> 20 | AI54: =IFERROR(J54/H54,"0") -> 0.96969697 | AJ54: =IFERROR(F54/E54,"0") -> 0.96633333 | AK54: =IFERROR(F54/(F54+G54),"0") -> 0.9979346 | AL54: =IFERROR(AK54*(AJ54+AJ55+AJ56)*AI54,"0") -> 1.8495861
D55: APC (Downpipe) | E55: 2000 | F55: 1890 | G55: 0 | AJ55: =IFERROR(F55/E55,"0") -> 0.945
D56: APC (Body, Cover) | E56: 0 | F56: 0 | G56: 0 | AJ56: =IFERROR(F56/E56,"0") -> 0
D57: Blade Rivet | E57: 2775 | F57: 2166 | G57: 0 | H57: 660 | I57: =IF(E57<>"",30,0) -> 30 | J57: =H57-AH57 -> 515 | M57: 145 | AH57: =SUM(K57:AG57) -> 145 | AI57: =IFERROR(J57/H57,"0") -> 0.78030303 | AJ57: =IFERROR(F57/E57,"0") -> 0.78054054 | AK57: =IFERROR(F57/(F57+G57),"0") -> 1 | AL57: =IFERROR(AK57*AJ57*AI57,"0") -> 0.60905815 | AM57: No abailable Blade
A58: =A54+1 -> 46036 | B58: =A58 -> 46036 | C58: Morning | D58: APC (Blade) | E58: 2500 | F58: 0 | G58: 0 | H58: 660 | I58: =IF(E58<>"",30,0) -> 30 | J58: =H58-AH58 -> 0 | M58: 660 | AH58: =SUM(K58:AG60) -> 660 | AI58: =IFERROR(J58/H58,"0") -> 0 | AJ58: =IFERROR(F58/E58,"0") -> 0 | AK58: =IFERROR(F58/(F58+G58),"0") -> 0 | AL58: =IFERROR(AK58*(AJ58+AJ59+AJ60)*AI58,"0") -> 0 | AM58: No abailable Blade
D59: APC (Downpipe) | E59: 2500 | F59: 0 | G59: 0 | AJ59: =IFERROR(F59/E59,"0") -> 0
D60: APC (Body, Cover) | E60: 2500 | F60: 0 | G60: 0 | AJ60: =IFERROR(F60/E60,"0") -> 0
D61: Blade Rivet | E61: 2775 | F61: 1866 | G61: 0 | H61: 660 | I61: =IF(E61<>"",30,0) -> 30 | J61: =H61-AH61 -> 444 | M61: 216 | AH61: =SUM(K61:AG61) -> 216 | AI61: =IFERROR(J61/H61,"0") -> 0.67272727 | AJ61: =IFERROR(F61/E61,"0") -> 0.67243243 | AK61: =IFERROR(F61/(F61+G61),"0") -> 1 | AL61: =IFERROR(AK61*AJ61*AI61,"0") -> 0.45236364 | AM61: No abailable Blade
A62: =A58+1 -> 46037 | B62: =A62 -> 46037 | C62: Morning | D62: APC (Blade) | E62: 3300 | F62: 3219 | G62: 9 | H62: 660 | I62: =IF(E62<>"",30,0) -> 30 | J62: =H62-AH62 -> 631 | M62: 29 | AH62: =SUM(K62:AG64) -> 29 | AI62: =IFERROR(J62/H62,"0") -> 0.95606061 | AJ62: =IFERROR(F62/E62,"0") -> 0.97545455 | AK62: =IFERROR(F62/(F62+G62),"0") -> 0.9972119 | AL62: =IFERROR(AK62*(AJ62+AJ63+AJ64)*AI62,"0") -> 2.7311259
D63: APC (Downpipe) | E63: 2100 | F63: 2020 | G63: 0 | AJ63: =IFERROR(F63/E63,"0") -> 0.96190476
D64: APC (Body, Cover) | E64: 110 | F64: 102 | G64: 0 | AJ64: =IFERROR(F64/E64,"0") -> 0.92727273
D65: Blade Rivet | E65: 2775 | F65: 1966 | G65: 0 | H65: 660 | I65: =IF(E65<>"",30,0) -> 30 | J65: =H65-AH65 -> 468 | M65: 192 | AH65: =SUM(K65:AG65) -> 192 | AI65: =IFERROR(J65/H65,"0") -> 0.70909091 | AJ65: =IFERROR(F65/E65,"0") -> 0.70846847 | AK65: =IFERROR(F65/(F65+G65),"0") -> 1 | AL65: =IFERROR(AK65*AJ65*AI65,"0") -> 0.50236855 | AM65: No abailable Blade
A66: =A62+1 -> 46038 | B66: =A66 -> 46038 | C66: Morning | D66: APC (Blade) | E66: 2500 | F66: 0 | G66: 0 | H66: 480 | I66: =IF(E66<>"",30,0) -> 30 | J66: =H66-AH66 -> 0 | M66: 480 | AH66: =SUM(K66:AG68) -> 480 | AI66: =IFERROR(J66/H66,"0") -> 0 | AJ66: =IFERROR(F66/E66,"0") -> 0 | AK66: =IFERROR(F66/(F66+G66),"0") -> 0 | AL66: =IFERROR(AK66*(AJ66+AJ67+AJ68)*AI66,"0") -> 0 | AM66: No abailable Blade
D67: APC (Downpipe) | E67: 2500 | F67: 0 | G67: 0 | AJ67: =IFERROR(F67/E67,"0") -> 0
D68: APC (Body, Cover) | E68: 2500 | F68: 0 | G68: 0 | AJ68: =IFERROR(F68/E68,"0") -> 0
D69: Blade Rivet | E69: 2000 | F69: 1400 | G69: 0 | H69: 480 | I69: =IF(E69<>"",30,0) -> 30 | J69: =H69-AH69 -> 336 | M69: 144 | AH69: =SUM(K69:AG69) -> 144 | AI69: =IFERROR(J69/H69,"0") -> 0.7 | AJ69: =IFERROR(F69/E69,"0") -> 0.7 | AK69: =IFERROR(F69/(F69+G69),"0") -> 1 | AL69: =IFERROR(AK69*AJ69*AI69,"0") -> 0.49 | AM69: No abailable Blade
A70: =A66+1 -> 46039 | B70: =A70 -> 46039 | C70: Morning | D70: APC (Blade) | E70: 1000 | F70: 945 | G70: 11 | H70: 660 | I70: =IF(E70<>"",30,0) -> 30 | J70: =H70-AH70 -> 639 | M70: 21 | AH70: =SUM(K70:AG72) -> 21 | AI70: =IFERROR(J70/H70,"0") -> 0.96818182 | AJ70: =IFERROR(F70/E70,"0") -> 0.945 | AK70: =IFERROR(F70/(F70+G70),"0") -> 0.98849372 | AL70: =IFERROR(AK70*(AJ70+AJ71+AJ72)*AI70,"0") -> 2.7783296
D71: APC (Downpipe) | E71: 1750 | F71: 1710 | G71: 0 | AJ71: =IFERROR(F71/E71,"0") -> 0.97714286
D72: APC (Body, Cover) | E72: 14500 | F72: 14223 | G72: 21 | AJ72: =IFERROR(F72/E72,"0") -> 0.98089655
D73: Blade Rivet | E73: 2775 | F73: 1500 | G73: 0 | H73: 660 | I73: =IF(E73<>"",30,0) -> 30 | J73: =H73-AH73 -> 357 | M73: 303 | AH73: =SUM(K73:AG73) -> 303 | AI73: =IFERROR(J73/H73,"0") -> 0.54090909 | AJ73: =IFERROR(F73/E73,"0") -> 0.54054054 | AK73: =IFERROR(F73/(F73+G73),"0") -> 1 | AL73: =IFERROR(AK73*AJ73*AI73,"0") -> 0.29238329 | AM73: No abailable Blade
A74: =A70+1 -> 46040 | B74: =A74 -> 46040 | C74: Morning | D74: APC (Blade) | E74: 3000 | F74: 2937 | G74: 5 | H74: 660 | I74: =IF(E74<>"",30,0) -> 30 | J74: =H74-AH74 -> 640 | M74: 20 | AH74: =SUM(K74:AG76) -> 20 | AI74: =IFERROR(J74/H74,"0") -> 0.96969697 | AJ74: =IFERROR(F74/E74,"0") -> 0.979 | AK74: =IFERROR(F74/(F74+G74),"0") -> 0.99830048 | AL74: =IFERROR(AK74*(AJ74+AJ75+AJ76)*AI74,"0") -> 2.8168244
D75: APC (Downpipe) | E75: 1100 | F75: 1050 | G75: 0 | AJ75: =IFERROR(F75/E75,"0") -> 0.95454545
D76: APC (Body, Cover) | E76: 1600 | F76: 1562 | G76: 5 | AJ76: =IFERROR(F76/E76,"0") -> 0.97625
D77: Blade Rivet | E77: 2775 | F77: 1633 | G77: 0 | H77: 660 | I77: =IF(E77<>"",30,0) -> 30 | J77: =H77-AH77 -> 388 | M77: 272 | AH77: =SUM(K77:AG77) -> 272 | AI77: =IFERROR(J77/H77,"0") -> 0.58787879 | AJ77: =IFERROR(F77/E77,"0") -> 0.58846847 | AK77: =IFERROR(F77/(F77+G77),"0") -> 1 | AL77: =IFERROR(AK77*AJ77*AI77,"0") -> 0.34594813 | AM77: No abailable Blade
A78: =A74+1 -> 46041 | B78: =A78 -> 46041 | C78: Morning | D78: APC (Blade) | E78: 2700 | F78: 2662 | G78: 8 | H78: 660 | I78: =IF(E78<>"",30,0) -> 30 | J78: =H78-AH78 -> 638 | M78: 22 | AH78: =SUM(K78:AG80) -> 22 | AI78: =IFERROR(J78/H78,"0") -> 0.96666667 | AJ78: =IFERROR(F78/E78,"0") -> 0.98592593 | AK78: =IFERROR(F78/(F78+G78),"0") -> 0.99700375 | AL78: =IFERROR(AK78*(AJ78+AJ79+AJ80)*AI78,"0") -> 2.7925219
D79: APC (Downpipe) | E79: 1200 | F79: 1110 | G79: 0 | AJ79: =IFERROR(F79/E79,"0") -> 0.925
D80: APC (Body, Cover) | E80: 3500 | F80: 3453 | G80: 3 | AJ80: =IFERROR(F80/E80,"0") -> 0.98657143
D81: Blade Rivet | E81: 2775 | F81: 1766 | G81: 0 | H81: 660 | I81: =IF(E81<>"",30,0) -> 30 | J81: =H81-AH81 -> 420 | M81: 240 | AH81: =SUM(K81:AG81) -> 240 | AI81: =IFERROR(J81/H81,"0") -> 0.63636364 | AJ81: =IFERROR(F81/E81,"0") -> 0.6363964 | AK81: =IFERROR(F81/(F81+G81),"0") -> 1 | AL81: =IFERROR(AK81*AJ81*AI81,"0") -> 0.40497952
A82: =A78+1 -> 46042 | B82: =A82 -> 46042 | C82: Morning | D82: APC (Blade) | E82: 2550 | F82: 2509 | G82: 2 | H82: 660 | I82: =IF(E82<>"",30,0) -> 30 | J82: =H82-AH82 -> 575 | K82: 60 | M82: 25 | AH82: =SUM(K82:AG84) -> 85 | AI82: =IFERROR(J82/H82,"0") -> 0.87121212 | AJ82: =IFERROR(F82/E82,"0") -> 0.98392157 | AK82: =IFERROR(F82/(F82+G82),"0") -> 0.9992035 | AL82: =IFERROR(AK82*(AJ82+AJ83+AJ84)*AI82,"0") -> 2.2739574
D83: APC (Downpipe) | E83: 1500 | F83: 1150 | G83: 0 | AJ83: =IFERROR(F83/E83,"0") -> 0.76666667
D84: APC (Body, Cover) | E84: 5000 | F84: 4308 | G84: 36 | AJ84: =IFERROR(F84/E84,"0") -> 0.8616
D85: Blade Rivet | E85: 2775 | F85: 1733 | G85: 0 | H85: 660 | I85: =IF(E85<>"",30,0) -> 30 | J85: =H85-AH85 -> 412 | M85: 218 | Z85: 30 | AH85: =SUM(K85:AG85) -> 248 | AI85: =IFERROR(J85/H85,"0") -> 0.62424242 | AJ85: =IFERROR(F85/E85,"0") -> 0.6245045 | AK85: =IFERROR(F85/(F85+G85),"0") -> 1 | AL85: =IFERROR(AK85*AJ85*AI85,"0") -> 0.38984221 | AM85: No abailable Blade
A86: =A82+1 -> 46043 | B86: =A86 -> 46043 | C86: Morning | D86: APC (Blade) | E86: 2500 | F86: 1799 | G86: 3 | H86: 660 | I86: =IF(E86<>"",30,0) -> 30 | J86: =H86-AH86 -> 575 | K86: 40 | M86: 45 | AH86: =SUM(K86:AG88) -> 85 | AI86: =IFERROR(J86/H86,"0") -> 0.87121212 | AJ86: =IFERROR(F86/E86,"0") -> 0.7196 | AK86: =IFERROR(F86/(F86+G86),"0") -> 0.99833518 | AL86: =IFERROR(AK86*(AJ86+AJ87+AJ88)*AI86,"0") -> 2.271804 | AM86: Burner Problem
D87: APC (Downpipe) | E87: 3050 | F87: 3000 | G87: 0 | AJ87: =IFERROR(F87/E87,"0") -> 0.98360656
D88: APC (Body, Cover) | E88: 9000 | F88: 8179 | G88: 14 | AJ88: =IFERROR(F88/E88,"0") -> 0.90877778
D89: Blade Rivet | E89: 2775 | F89: 1900 | G89: 0 | H89: 660 | I89: =IF(E89<>"",30,0) -> 30 | J89: =H89-AH89 -> 660 | AH89: =SUM(K89:AG89) -> 0 | AI89: =IFERROR(J89/H89,"0") -> 1 | AJ89: =IFERROR(F89/E89,"0") -> 0.68468468 | AK89: =IFERROR(F89/(F89+G89),"0") -> 1 | AL89: =IFERROR(AK89*AJ89*AI89,"0") -> 0.68468468 | AM89: No abailable Blade
A90: =A86+1 -> 46044 | B90: =A90 -> 46044 | C90: Morning | D90: APC (Blade) | E90: 2500 | F90: 0 | G90: 0 | H90: 660 | I90: =IF(E90<>"",30,0) -> 30 | J90: =H90-AH90 -> 0 | M90: 660 | AH90: =SUM(K90:AG92) -> 660 | AI90: =IFERROR(J90/H90,"0") -> 0 | AJ90: =IFERROR(F90/E90,"0") -> 0 | AK90: =IFERROR(F90/(F90+G90),"0") -> 0 | AL90: =IFERROR(AK90*(AJ90+AJ91+AJ92)*AI90,"0") -> 0 | AM90: No abailable Top-Bottom & Blade
D91: APC (Downpipe) | E91: 2500 | F91: 0 | G91: 0 | AJ91: =IFERROR(F91/E91,"0") -> 0
D92: APC (Body, Cover) | E92: 2500 | F92: 0 | G92: 0 | AJ92: =IFERROR(F92/E92,"0") -> 0
D93: Blade Rivet | E93: 2775 | F93: 900 | G93: 0 | H93: 660 | I93: =IF(E93<>"",30,0) -> 30 | J93: =H93-AH93 -> 214 | M93: 446 | AH93: =SUM(K93:AG93) -> 446 | AI93: =IFERROR(J93/H93,"0") -> 0.32424242 | AJ93: =IFERROR(F93/E93,"0") -> 0.32432432 | AK93: =IFERROR(F93/(F93+G93),"0") -> 1 | AL93: =IFERROR(AK93*AJ93*AI93,"0") -> 0.10515971 | AM93: No abailable Blade
A94: =A90+1 -> 46045 | B94: =A94 -> 46045 | C94: Morning | D94: APC (Blade) | I94: =IF(E94<>"",30,0) -> 0 | J94: =H94-AH94 -> 0 | AH94: =SUM(K94:AG96) -> 0 | AI94: =IFERROR(J94/H94,"0") -> 0 | AJ94: =IFERROR(F94/E94,"0") -> 0 | AK94: =IFERROR(F94/(F94+G94),"0") -> 0 | AL94: =IFERROR(AK94*(AJ94+AJ95+AJ96)*AI94,"0") -> 0
D95: APC (Downpipe) | AJ95: =IFERROR(F95/E95,"0") -> 0
D96: APC (Body, Cover) | AJ96: =IFERROR(F96/E96,"0") -> 0
D97: Blade Rivet | I97: =IF(E97<>"",30,0) -> 0 | J97: =H97-AH97 -> 0 | AH97: =SUM(K97:AG97) -> 0 | AI97: =IFERROR(J97/H97,"0") -> 0 | AJ97: =IFERROR(F97/E97,"0") -> 0 | AK97: =IFERROR(F97/(F97+G97),"0") -> 0 | AL97: =IFERROR(AK97*AJ97*AI97,"0") -> 0
A98: =A94+1 -> 46046 | B98: =A98 -> 46046 | C98: Morning | D98: APC (Blade) | E98: 2500 | F98: 0 | G98: 0 | H98: 0 | I98: =IF(E98<>"",30,0) -> 30 | J98: =H98-AH98 -> -660 | M98: 660 | AH98: =SUM(K98:AG100) -> 660 | AI98: =IFERROR(J98/H98,"0") -> 0 | AJ98: =IFERROR(F98/E98,"0") -> 0 | AK98: =IFERROR(F98/(F98+G98),"0") -> 0 | AL98: =IFERROR(AK98*(AJ98+AJ99+AJ100)*AI98,"0") -> 0 | AM98: No abailable Top-Bottom & Blade
D99: APC (Downpipe) | E99: 2500 | F99: 0 | G99: 0 | AJ99: =IFERROR(F99/E99,"0") -> 0
D100: APC (Body, Cover) | E100: 2500 | F100: 0 | G100: 0 | AJ100: =IFERROR(F100/E100,"0") -> 0
...
